time,flux,comp1,model,residual
0.5493128536613942,29.465624133455307,30.199603342653592,30.199603342653592,-0.7339792091982851
0.8346915893048564,33.36330785695267,34.09372853897753,34.09372853897753,-0.7304206820248567
1.076581391789222,39.84713627913197,38.538395273228375,38.538395273228375,1.3087410059035989
1.265768554039386,47.03804379557488,42.70922169078313,42.70922169078313,4.3288221047917474
1.5846915893048563,54.80168588470397,51.04346557278213,51.04346557278213,3.758220311921839
1.905432572769786,60.33120020763844,60.96775044461209,60.96775044461209,-0.6365502369736546
2.0846915893048563,66.43524296754333,67.14181210078085,67.14181210078085,-0.7065691332375224
2.4025885365695276,80.7713433944759,79.11557664472254,79.11557664472254,1.6557667497533686
2.5949860413598063,80.7713433944759,86.95610787256075,86.95610787256075,-6.184764478084844
2.8094549249213006,97.54601424941673,96.18384217777603,96.18384217777603,1.3621720716406998
3.0846915893048563,105.93219957841458,108.72145609240039,108.72145609240039,-2.789256513985805
3.3741930846295136,119.81578146466909,122.67170507365653,122.67170507365653,-2.855923608987439
3.5846915893048563,128.4542922502209,133.2545306771379,133.2545306771379,-4.800238426916991
3.8346915893048563,136.8311068083307,146.24945736198285,146.24945736198285,-9.418350553652147
4.0904641997253925,155.3342237677272,159.96473529328694,159.96473529328694,-4.63051152555974
4.332141757964127,161.8512025125463,173.25798657618546,173.25798657618546,-11.40678406363915
4.6098658388287,177.65906731816614,188.8637605911632,188.8637605911632,-11.204693272997076
4.785890694721747,196.34758883132739,198.90239403920538,198.90239403920538,-2.5548052078779904
5.084691589304857,218.13435989637887,216.13742751376137,216.13742751376137,1.9969323826175014
5.334691589304857,221.49536716596805,230.68284138011637,230.68284138011637,-9.187474214148324
5.576849329059332,246.1504693549305,244.82118695934682,244.82118695934682,1.3292823955836752
5.7853023111161015,264.9405033332733,256.9888664649697,256.9888664649697,7.951636868303581
6.084691589304857,272.54431790133555,274.3879719124361,274.3879719124361,-1.8436540111005684
6.381065655302809,288.29158192077244,291.4330710439242,291.4330710439242,-3.141489123151757
6.584691589304857,301.38942412556554,302.98949374572635,302.98949374572635,-1.6000696201608093
6.834691589304857,318.72605190083965,316.95189331610385,316.95189331610385,1.774158584735801
7.110595845929783,324.1191602049346,332.00508973018697,332.00508973018697,-7.885929525252379
7.334691589304857,350.4364801863103,343.90365011467287,343.90365011467287,6.53283007163742
7.590960451103019,351.5730378768513,357.0912691465503,357.0912691465503,-5.518231269699015
7.928557668266439,365.2969676501393,373.6776650919106,373.6776650919106,-8.380697441771304
8.084691589304857,382.1193350417345,381.009720508108,381.009720508108,1.109614533626484
8.334691589304857,387.613160145401,392.25560430502065,392.25560430502065,-4.642444159619629
8.648610303658206,399.4028268209117,405.43468507690005,405.43468507690005,-6.031858255988368
8.808732467055524,407.85068346800404,411.7183166710249,411.7183166710249,-3.867633203020887
9.084691589304857,419.27386656357385,421.7951416740384,421.7951416740384,-2.5212751104645577
9.334088629518664,431.0140862380882,430.02589521911625,430.02589521911625,0.9881910189719747
0.33261659857305964,21.213654905025894,25.586558698530393,25.586558698530393,-4.3729037935044985
0.6179953342165219,26.668972207062726,28.056810866722255,28.056810866722255,-1.3878386596595291
0.8598851367008875,30.19671756969532,31.23345080159173,31.23345080159173,-1.0367332318964095
1.0490722989510515,36.06515053426752,34.37693828586085,34.37693828586085,1.6882122484066642
1.3679953342165219,42.57355204753578,40.91591970922187,40.91591970922187,1.6576323383139098
1.6887363176814516,49.60032854352328,48.96461443823266,48.96461443823266,0.6357141052906243
1.8679953342165219,54.60502361222407,54.06420937124515,54.06420937124515,0.5408142409789249
2.1858922814811934,68.30621517050479,64.09404651124231,64.09404651124231,4.212168659262474
2.378289786271472,68.30621517050479,70.73823579706983,70.73823579706983,-2.4320206265650484
2.5927586698329663,73.1051445697579,78.61854886648702,78.61854886648702,-5.513404296729121
2.867995334216522,88.28769182505616,89.41110391902595,89.41110391902595,-1.1234120939697902
3.1574968295411794,95.87792451279303,101.51425962843629,101.51425962843629,-5.636335115643263
3.367995334216522,108.44378287649238,110.75148399717354,110.75148399717354,-2.307701120681159
3.617995334216522,116.2623922162049,122.15067056064699,122.15067056064699,-5.888278344442085
3.873767944637058,123.84414353503406,134.24158731303805,134.24158731303805,-10.39744377800399
4.115445502875792,140.59108599582186,146.01302792910073,146.01302792910073,-5.421941933278873
4.393169583740365,160.79702595749006,159.89236118119976,159.89236118119976,0.9046647762903035
4.569194439633412,160.79702595749006,168.8524634643826,168.8524634643826,-8.055437506892531
4.867995334216522,177.71177578828366,184.29100660298573,184.29100660298573,-6.579230814702072
5.117995334216522,197.43071299402212,197.37248110311845,197.37248110311845,0.05823189090367009
5.360153073970997,200.47271913156183,210.13246801466673,210.13246801466673,-9.659748883104896
5.568606056027766,222.78774738488073,221.14884092573212,221.14884092573212,1.6389064591486147
5.867995334216522,239.79437489321262,236.95821627828553,236.95821627828553,2.8361586149270863
6.164369400214474,260.92914750262366,252.51223834805646,252.51223834805646,8.416909154567207
6.367995334216522,260.92914750262366,263.09674228594804,263.09674228594804,-2.1675947833243754
6.617995334216522,272.7838425924018,275.9294989056178,275.9294989056178,-3.145656313215966
6.893899590841448,288.47501011048683,289.82375514657014,289.82375514657014,-1.3487450360833009
7.117995334216522,293.356245777519,300.8538041242562,300.8538041242562,-7.497558346737208
7.374264196014684,317.17572680968215,313.1337958972319,313.1337958972319,4.041930912450255
7.711861413178104,330.62577033705765,328.67373289053546,328.67373289053546,1.9520374465221835
7.867995334216522,330.62577033705765,335.58265614332686,335.58265614332686,-4.956885806269213
8.117995334216522,345.8514871381509,346.2356890654113,346.2356890654113,-0.38420192726039204
8.43191404856987,361.4945619229314,358.8256021429574,358.8256021429574,2.6689597799739886
8.592036211967189,361.4945619229314,364.8785836243078,364.8785836243078,-3.384021701376412
8.867995334216522,369.14061255841597,374.6740878721892,374.6740878721892,-5.533475313773238
9.11739237443033,379.47959438728026,382.78248882850585,382.78248882850585,-3.3028944412255896
9.34287598299341,390.1055221051643,389.45917861081836,389.45917861081836,0.6463434943459561
0.5443494282041645,13.573749736215854,13.886845301316738,13.886845301316738,-0.313095565100884
0.8297281638476268,15.369271975081498,15.66869956729673,15.66869956729673,-0.29942759221523296
1.0716179663319925,18.356137752524802,17.70655454616518,17.70655454616518,0.6495832063596225
1.2608051285821564,21.66872935290586,19.620715721974367,19.620715721974367,2.048013630931493
1.5797281638476268,25.24515910311569,23.44858651765019,23.44858651765019,1.7965725854654977
1.9004691473125566,27.792406812595377,28.009756388749146,28.009756388749146,-0.2173495761537687
2.079728163847627,30.604319040445862,30.84839377379447,30.84839377379447,-0.24407473334860796
2.397625111112298,34.765924346608315,36.3551534089289,36.3551534089289,-1.5892290623205838
2.5900226159025768,37.20844317191122,39.961908359060466,39.961908359060466,-2.7534651871492457
2.804491499464071,44.93592870084781,44.207491613767104,44.207491613767104,0.7284370870807066
3.079728163847627,48.79914165645247,49.97689943952179,49.97689943952179,-1.1777577830693176
3.369229659172284,55.1948068258968,56.397443907206345,56.397443907206345,-1.2026370813095468
3.579728163847627,59.17425701387187,61.26878578655283,61.26878578655283,-2.0945287726809596
3.829728163847627,63.03315319348381,67.25108469992696,67.25108469992696,-4.217931506443151
4.085500774268162,71.55687146971118,73.5656921332123,73.5656921332123,-2.008820663501112
4.327178332506897,74.55900840452585,79.68660274377633,79.68660274377633,-5.127594339250479
4.6049024133714695,81.84112127488562,86.8730154230351,86.8730154230351,-5.031894148149476
4.780927269264517,90.45024873848872,91.49614732196444,91.49614732196444,-1.0458985834757186
5.079728163847626,100.4866279666303,99.43410650900354,99.43410650900354,1.052521457626753
5.329728163847626,102.03492272978812,106.13391104189358,106.13391104189358,-4.098988312105462
5.571885903602102,113.39263859957782,112.64673398738982,112.64673398738982,0.7459046121879993
5.780338885658871,122.04852919269213,118.25217769566014,118.25217769566014,3.796351497031992
6.079728163847626,125.55133217151251,126.26831141234207,126.26831141234207,-0.7169792408295592
6.3761022298455785,132.8055284465292,134.12212281822573,134.12212281822573,-1.3165943716965387
6.579728163847626,138.83923169907453,139.44739309669475,139.44739309669475,-0.608161397620222
6.829728163847626,146.8255905023253,145.8818761083587,145.8818761083587,0.9437143939665873
7.105632420472553,149.31000088129892,152.81973905228617,152.81973905228617,-3.509738170987248
7.329728163847626,161.43344050494883,158.30422270111433,158.30422270111433,3.129217803834507
7.5859970256457885,161.95701161894598,164.38352900483554,164.38352900483554,-2.4265173858895537
7.923594242809209,168.2791308211829,172.03074605704566,172.03074605704566,-3.751615235862772
8.079728163847626,176.02858842336994,175.41168270517457,175.41168270517457,0.616905718195369
8.329728163847626,178.5593953974208,180.59801705487047,180.59801705487047,-2.0386216574496814
8.643646878200975,183.99046939069444,186.67714616993982,186.67714616993982,-2.6866767792453743
8.803769041598294,187.88209209706244,189.57619934457844,189.57619934457844,-1.6941072475160013
9.079728163847626,193.14434033005287,194.22635259425263,194.22635259425263,-1.0820122641997614
9.329125204061434,198.55263587432137,198.02587354864613,198.02587354864613,0.5267623256752358
0.08394650827031475,40.93357572650211,59.97504167592988,59.97504167592988,-19.041465949427767
0.2731336705204787,51.67600791052659,61.515078959853675,61.515078959853675,-9.839071049327082
0.5920567057859492,64.96504373752587,67.65715899358604,67.65715899358604,-2.6921152560601627
0.9127976892508789,87.8539324150878,78.08671939867922,78.08671939867922,9.767213016408576
1.0920567057859492,87.8539324150878,85.67114248294247,85.67114248294247,2.182789932145326
1.4099536530506205,103.70825877187471,102.03654109773606,102.03654109773606,1.6717176741386481
1.602351157840899,120.82533545752044,113.65782537011015,113.65782537011015,7.167510087410292
1.8168200414023934,133.0166651985677,128.04983569707605,128.04983569707605,4.966829501491645
2.092056705785949,146.474700333914,148.61205498677523,148.61205498677523,-2.1373546528612337
2.3815582011106065,166.3924736822633,172.60042246172256,172.60042246172256,-6.207948779459258
2.592056705785949,178.08256267014016,191.4483667952296,191.4483667952296,-13.365804125089426
2.842056705785949,215.06692182839427,215.25066407477397,215.25066407477397,-0.18374224637969405
3.097829316206485,233.5565657002431,241.06612959103109,241.06612959103109,-7.509563890787973
3.3395068744452194,264.16672689652245,266.6938739657155,266.6938739657155,-2.527147069193063
3.6172309553097923,283.2126913895424,297.4699040026862,297.4699040026862,-14.257212613143793
3.7932558112028394,301.68167482881944,317.63283998828354,317.63283998828354,-15.951165159464097
4.092056705785949,342.4768671214861,352.8770212106128,352.8770212106128,-10.400154089126659
4.342056705785949,356.84533280462085,383.2106217577694,383.2106217577694,-26.365288953148536
4.584214445540424,391.6981030647281,413.1958260678587,413.1958260678587,-21.497723003130602
4.792667427597194,432.90207050805543,439.391176949574,439.391176949574,-6.489106441518572
5.092056705785949,480.93697819336427,477.4761372824419,477.4761372824419,3.460840910922343
5.388430771783901,542.7061695767435,515.5162127733975,515.5162127733975,27.189956803346035
5.592056705785949,542.7061695767435,541.7337734477954,541.7337734477954,0.9723961289480485
5.842056705785949,584.1339490700228,573.8947885490148,573.8947885490148,10.239160521007989
6.1179609624108755,600.8986421832202,609.2056785309435,609.2056785309435,-8.307036347723283
6.342056705785949,635.6178014019637,637.6278949116565,637.6278949116565,-2.010093509692865
6.598325567584111,664.4955841310077,669.7173350524471,669.7173350524471,-5.221750921439366
6.9359227847475315,714.6095166189352,711.0888424971337,711.0888424971337,3.5206741218015623
7.092056705785949,714.6095166189352,729.7952912254812,729.7952912254812,-15.18577460654592
7.342056705785949,772.6332610304217,759.0798321672138,759.0798321672138,13.553428863207955
7.655975420139298,775.1391139436944,794.5093222412261,794.5093222412261,-19.37020829753169
7.816097583536616,805.3972783027548,811.9288497300452,811.9288497300452,-6.531571427290373
8.092056705785948,842.4867975477542,840.7903914485158,840.7903914485158,1.696406099238402
8.341453745999756,854.5994406239545,865.4860128317966,865.4860128317966,-10.886572207842164
8.566937354562837,880.5929918807146,886.5673882006704,886.5673882006704,-5.974396319955758
8.842056705785948,899.2186070749158,910.5424203310698,910.5424203310698,-11.32381325615404
9.098151118140235,924.4041448413758,930.9904462066077,930.9904462066077,-6.586301365231861
0.1490799818077237,34.17270510270457,39.89115127374237,39.89115127374237,-5.7184461710378045
0.33826714405788766,34.17270510270457,41.27335254778735,41.27335254778735,-7.100647445082778
0.6571901793233581,48.6433633995988,45.91911691204022,45.91911691204022,2.724246487558581
0.9779311627882878,58.09671926925633,53.36651922362162,53.36651922362162,4.73020004563471
1.157190179323358,58.09671926925633,58.673511100771634,58.673511100771634,-0.5767918315153011
1.4750871265880294,79.90030043872878,69.9842403327306,69.9842403327306,9.916060105998184
1.667484631378308,79.90030043872878,77.94721630883858,77.94721630883858,1.9530841298902004
1.8819535149398023,87.96227606138082,87.75861153956292,87.75861153956292,0.20366452181789896
2.157190179323358,110.03328554904178,101.70935665241271,101.70935665241271,8.32392889662907
2.446691674648015,117.76379685902464,117.91463284868692,117.91463284868692,-0.1508359896622835
2.657190179323358,117.76379685902464,130.60830870562867,130.60830870562867,-12.844511846604036
2.907190179323358,142.22109629120612,146.60062032759,146.60062032759,-4.379524036383884
3.1629627897438937,174.6901903067219,163.90673993664143,163.90673993664143,10.783450370080459
3.404640347982628,174.6901903067219,181.05413830684603,181.05413830684603,-6.3639480001241395
3.682364428847201,199.498361534913,201.60989908329017,201.60989908329017,-2.1115375483771857
3.858389284740248,199.498361534913,215.0582826779909,215.0582826779909,-15.5599211430779
4.157190179323358,235.97740650404884,238.5342861166961,238.5342861166961,-2.556879612647265
4.407190179323358,259.0251125531135,258.7105973623862,258.7105973623862,0.31451519072732026
4.649347919077833,259.0251125531135,278.6313823506487,278.6313823506487,-19.60626979753522
4.857800901134603,286.2727867724573,296.01627099414884,296.01627099414884,-9.743484221691517
5.157190179323358,322.9379917176427,321.26337555178884,321.26337555178884,1.6746161658538767
5.45356424532131,358.8848798551754,346.4483750162697,346.4483750162697,12.436504838905705
5.657190179323358,358.8848798551754,363.78770265310897,363.78770265310897,-4.902822797933538
5.907190179323358,386.28055821591283,385.037390075717,385.037390075717,1.2431681401958485
6.183094435948284,420.3261932103339,408.3420548095162,408.3420548095162,11.984138400817699
6.407190179323358,420.3261932103339,427.0797816305497,427.0797816305497,-6.753588420215806
6.66345904112152,439.42271388058816,448.21216816724547,448.21216816724547,-8.789454286657303
7.00105625828494,472.56243782002093,475.4186487533237,475.4186487533237,-2.856210933302748
7.157190179323358,472.56243782002093,487.7048176340025,487.7048176340025,-15.142379813981563
7.407190179323358,510.9328225866143,506.91725778671764,506.91725778671764,4.0155647998966515
7.721108893676707,532.5992621104631,530.1222609609696,530.1222609609696,2.4770011494935034
7.881231057074025,532.5992621104631,541.5136112348366,541.5136112348366,-8.91434912437353
8.157190179323358,557.1261026077971,560.3571758035739,560.3571758035739,-3.231073195776844
8.406587219537165,582.3252577705035,576.4455866361859,576.4455866361859,5.8796711343176185
8.632070828100247,582.3252577705035,590.1479091416332,590.1479091416332,-7.822651371129723
8.907190179323358,611.2970315368974,605.6864598145233,605.6864598145233,5.610571722374061
9.163284591677645,628.4141523711709,618.8899856685796,618.8899856685796,9.524166702591288
0.18120218353827833,105.95710896435241,124.18518557125412,124.18518557125412,-18.22807660690171
0.3703893457884423,105.95710896435241,129.02211836507365,129.02211836507365,-23.065009400721237
0.6893123810539127,150.8253484947542,144.3115530141289,144.3115530141289,6.513795480625305
1.0100533645188423,180.13676106656226,168.23638763616515,168.23638763616515,11.90037343039711
1.1893123810539126,180.13676106656226,185.13239405499817,185.13239405499817,-4.995632988435915
1.507209328318584,247.74172294603758,220.94131314003508,220.94131314003508,26.800409806002506
1.6996068331088625,272.73897226972923,246.05149846829133,246.05149846829133,26.687473801437903
1.9140757166703568,272.73897226972923,276.91709743612466,276.91709743612466,-4.178125166395432
2.1893123810539126,341.1731319363066,320.706007437384,320.706007437384,20.4671244989226
2.47881387637857,365.1426311831539,371.46798263708223,371.46798263708223,-6.325351453928306
2.6893123810539126,440.97580661135123,411.1721530819475,411.1721530819475,29.803653529403732
2.9393123810539126,478.88719508070864,461.1373610526134,461.1373610526134,17.749834028095222
3.1950849914744484,541.6506382419184,515.1493319185649,515.1493319185649,26.501306323353447
3.436762549713183,580.7027132128067,568.6166598870421,568.6166598870421,12.08605332576451
3.7144866305777557,618.571739282401,632.657022326392,632.657022326392,-14.085283043991012
3.890511486470803,618.571739282401,674.5265204172626,674.5265204172626,-55.954781134861605
4.189312381053913,731.6799679430677,747.5681856474023,747.5681856474023,-15.88821770433458
4.439312381053913,803.1425078233488,810.2999083347349,810.2999083347349,-7.157400511386186
4.681470120808388,887.6276188968557,872.2011101612705,872.2011101612705,15.426508735585116
4.889923102865158,887.6276188968557,926.1948879973546,926.1948879973546,-38.56726910049895
5.189312381053913,1001.3130618227611,1004.5637368994103,1004.5637368994103,-3.250675076649145
5.485686447051865,1112.7712660202537,1082.6905210023197,1082.6905210023197,30.080745017934078
5.689312381053913,1197.715284016396,1136.4510313424962,1136.4510313424962,61.26425267389982
5.939312381053913,1232.0898126762836,1202.3043586783515,1202.3043586783515,29.78545399793211
6.215216637678839,1303.2783948682477,1274.4859179411826,1274.4859179411826,28.79247692706508
6.439312381053913,1362.489748356854,1332.4908027358872,1332.4908027358872,29.99894562096688
6.695581242852075,1440.8633597847343,1397.873260956085,1397.873260956085,42.99009882864925
7.033178460015495,1465.2439590623194,1481.989193623126,1481.989193623126,-16.745234560806693
7.189312381053913,1465.2439590623194,1519.9512297583635,1519.9512297583635,-54.707270696044134
7.439312381053913,1584.2165433953137,1579.2812516745964,1579.2812516745964,4.9352917207172595
7.753231095407262,1651.3962789941882,1650.88045068081,1650.88045068081,0.5158283133780515
7.91335325880458,1651.3962789941882,1686.000906391946,1686.000906391946,-34.604627397757895
8.189312381053913,1752.2809851691622,1744.0501577896844,1744.0501577896844,8.230827379477887
8.43870942126772,1805.5784757116153,1793.5569611977917,1793.5569611977917,12.021514513823604
8.664193029830802,1843.7686614178538,1835.672081969897,1835.672081969897,8.096579447956856
8.939312381053913,1895.4093913687257,1883.3611269146047,1883.3611269146047,12.048264454120954
9.1954067934082,1948.4833470869564,1923.8065538109456,1923.8065538109456,24.676793276010812
0.9702510786349355,61.80364579608222,56.548817838364464,56.548817838364464,5.254827957717758
1.255629814278398,72.9568764319151,65.87288123097198,65.87288123097198,7.0839952009431215
1.4975196167627636,84.99842898924088,75.39244858564838,75.39244858564838,9.605980403592497
1.6867067790129275,84.99842898924088,83.81420012740065,83.81420012740065,1.184228861840225
2.005629814278398,103.04229132001637,99.83193578350472,99.83193578350472,3.2103555365116563
2.3263707977433277,117.054083111554,118.07944661944637,118.07944661944637,-1.0253635078923793
2.505629814278398,125.27784839183579,129.1400534405278,129.1400534405278,-3.8622050486920045
2.8235267615430693,151.2956733266622,150.14854482904187,150.14854482904187,1.1471284976203435
3.015924266333348,164.3028019700603,163.66268923644802,163.66268923644802,0.640112733612284
3.230393149894842,185.83649441079766,179.37562085033994,179.37562085033994,6.460873560457713
3.505629814278398,199.23498450694743,200.4521835723565,200.4521835723565,-1.217199065409062
3.7951313096030552,212.2275789112789,223.60184428075826,223.60184428075826,-11.37426536947936
4.0056298142783975,240.92625574143563,240.9854848138196,240.9854848138196,-0.059229072383971015
4.2556298142783975,251.03421038048282,262.1497263961448,262.1497263961448,-11.115516015661967
4.511402424698933,275.55250124071034,284.2943698899198,284.2943698899198,-8.741868649209437
4.753079982937668,304.5387439649275,305.5875342390997,305.5875342390997,-1.0487902741721769
5.030804063802241,338.33042908158023,330.3895494450612,330.3895494450612,7.940879636519014
5.206828919695288,343.5434135568669,346.2392568245041,346.2392568245041,-2.6958432676372013
5.5056298142783975,381.78393332919615,373.2700658403498,373.2700658403498,8.513867488846358
5.7556298142783975,410.92762376554055,395.9105238711194,395.9105238711194,15.017099894421165
5.997787554032873,422.72128087985914,417.769530699766,417.769530699766,4.951750180093143
6.206240536089642,447.1455787992144,436.4654155877308,436.4654155877308,10.680163211483602
6.5056298142783975,467.46057445279024,463.010128109775,463.010128109775,4.450446343015244
6.80200388027635,494.3500049708546,488.79159802397555,488.79159802397555,5.558406946879074
7.0056298142783975,502.71481575753967,506.1391948699953,506.1391948699953,-3.4243791124556537
7.2556298142783975,543.5334660875737,526.9467690741889,526.9467690741889,16.586697013384878
7.531534070903324,545.2962880991971,549.1786285746587,549.1786285746587,-3.8823404754615467
7.7556298142783975,566.5823571581371,566.588401870323,566.588401870323,-0.006044712185826029
8.01189867607656,592.6741603040058,585.6950631629841,585.6950631629841,6.979097141021725
8.34949589323998,601.1951847107321,609.3973932656726,609.3973932656726,-8.202208554940512
8.505629814278398,619.4811759087678,619.7382702526336,619.7382702526336,-0.2570943438657878
8.755629814278398,632.5839579078446,635.4038603552306,635.4038603552306,-2.819902447385971
9.069548528631747,650.3015262910993,653.3943603446986,653.3943603446986,-3.09283405359929
9.229670692029066,668.5108242755036,661.7964691472928,661.7964691472928,6.714355128210855
9.505629814278398,676.6429077328196,674.9606602593275,674.9606602593275,1.6822474734921116
0.15688564457720244,55.468408713463226,64.80913571623951,64.80913571623951,-9.340727002776283
0.4422643802206647,69.73270079918561,68.94437479957742,68.94437479957742,0.7883259996081904
0.6841541827050304,78.95687374286678,75.38136496268179,75.38136496268179,3.5755087801849896
0.8733413449551943,78.95687374286678,82.20323482943763,82.20323482943763,-3.2463610865708574
1.1922643802206647,94.30136009582105,97.07289408301754,97.07289408301754,-2.7715339871964915
1.5130053636855945,129.6924696989572,116.0391894319308,116.0391894319308,13.653280267026418
1.6922643802206647,129.6924696989572,128.28209663125585,128.28209663125585,1.4103730677013573
2.010161327485336,157.22419112503763,152.69703038155532,152.69703038155532,4.5271607434823125
2.2025588322756144,178.6036907694618,169.05155760288386,169.05155760288386,9.552133166577931
2.4170277158371087,191.15169244557853,188.59023674857306,188.59023674857306,2.5614556970054707
2.6922643802206645,230.8502611381819,215.54785911545903,215.54785911545903,15.302402022722873
2.981765875545322,250.69682368662473,245.9959033428423,245.9959033428423,4.700920343782428
3.1922643802206645,283.5534045386132,269.3603755516279,269.3603755516279,14.193028986985325
3.4422643802206645,303.9971149867985,298.3206580526488,298.3206580526488,5.676456934149712
3.6980369906412003,323.8215008740706,329.172141517081,329.172141517081,-5.350640643010422
3.9397145488799348,367.6105722658065,359.3251543415177,359.3251543415177,8.285417924288822
4.217438629744508,383.033511446353,395.01012651497786,395.01012651497786,-11.97661506862488
4.393463485637555,420.44405811496006,418.1174487593004,418.1174487593004,2.3266093556596843
4.6922643802206645,464.6719038634151,458.0522046376277,458.0522046376277,6.619699225787372
4.9422643802206645,516.2319991520342,492.0027717394376,492.0027717394376,24.229227412596572
5.18442211997514,524.1860853527077,525.2147003873434,525.2147003873434,-1.0286150346357772
5.392875102031909,582.534310264876,553.962787975065,553.962787975065,28.571522289811014
5.6922643802206645,627.0023931903829,595.3384396772249,595.3384396772249,31.66395351315805
5.988638446218617,644.9974142293279,636.1852818518637,636.1852818518637,8.812132377464195
6.1922643802206645,682.2645444044662,664.0629966420088,664.0629966420088,18.20154776245738
6.4422643802206645,713.2616109334174,697.9547504700665,697.9547504700665,15.306860463350858
6.718168636845591,754.2900945672468,734.7714499057687,734.7714499057687,19.518644661478106
6.9422643802206645,767.0533065746944,764.0959452238277,764.0959452238277,2.9573613508666767
7.198533242018827,767.0533065746944,796.8552593336537,796.8552593336537,-29.801952758959374
7.536130459182247,832.0250522537401,838.5029851383881,838.5029851383881,-6.477932884647998
7.6922643802206645,864.5038039114436,857.0981643175248,857.0981643175248,7.40563959391875
7.9422643802206645,864.5038039114436,885.8820069972895,885.8820069972895,-21.37820308584594
8.256183094574014,917.3168163628663,920.1074026451339,920.1074026451339,-2.7905862822675545
8.416305257971333,945.2179833322797,936.6604190919631,936.6604190919631,8.557564240316538
8.692264380220665,965.2104958715694,963.6193059198594,963.6193059198594,1.591189951710021
8.941661420434473,992.24435082641,986.1406096507583,986.1406096507583,6.103741175651749
9.167145028997554,1020.028497606118,1004.8762432823717,1004.8762432823717,15.15225432374632
9.442264380220665,1032.4366091432246,1025.4899540738602,1025.4899540738602,6.946655069364397
0.8959459588543501,206.7016883327927,182.19297544268107,182.19297544268107,24.50871289011164
1.1813246944978124,206.7016883327927,211.51060217733053,211.51060217733053,-4.808913844537813
1.423214496982178,244.0035590088075,241.85977340324115,241.85977340324115,2.1437856055663644
1.612401659232342,284.27641365495,268.9213308341566,268.9213308341566,15.35508282079337
1.9313246944978124,312.9600294160526,320.7483415104083,320.7483415104083,-7.788312094355717
2.252065677962742,391.4862350553922,380.17284410348924,380.17284410348924,11.313390951902988
2.431324694497812,418.99053752802405,416.333926426511,416.333926426511,2.656611101513022
2.7492216417624835,506.0068983187748,485.2384410318482,485.2384410318482,20.768457286926605
2.941619146552762,549.5091127321945,529.686135125852,529.686135125852,19.82297760634242
3.1560880301142564,549.5091127321945,581.4653725061562,581.4653725061562,-31.956259773961733
3.431324694497812,666.3394552551526,651.0628636493594,651.0628636493594,15.276591605793215
3.7208261898224695,709.7930600482982,727.6670456006135,727.6670456006135,-17.873985552315276
3.931324694497812,805.7755037585466,785.287436633848,785.287436633848,20.48806712469866
4.181324694497812,839.5814590961326,855.5387662426143,855.5387662426143,-15.957307146481753
4.437097304918348,921.5826428542075,929.1513118476388,929.1513118476388,-7.568668993431288
4.6787748631570825,1018.5268478819896,1000.02877254326,1000.02877254326,18.498075338729677
4.956498944021655,1131.5428079479732,1082.6966832641262,1082.6966832641262,48.84612468384694
5.132523799914702,1148.977583492601,1135.5854055951,1135.5854055951,13.392177897501142
5.431324694497812,1276.8726275122385,1225.8888971460256,1225.8888971460256,50.98373036621297
5.681324694497812,1276.8726275122385,1301.6256539451363,1301.6256539451363,-24.75302643289774
5.923482434252287,1374.3434148718818,1374.8354721637857,1374.8354721637857,-0.4920572919038477
6.131935416309057,1413.787185635681,1437.5206437500815,1437.5206437500815,-23.73345811440049
6.431324694497812,1563.4173150111155,1526.6357588417848,1526.6357588417848,36.78155616933077
6.727698760495764,1653.3487521423465,1613.3238951328522,1613.3238951328522,40.024857009494326
6.931324694497812,1681.3247799303667,1671.7347871125705,1671.7347871125705,9.589992817796201
7.181324694497812,1681.3247799303667,1741.8897176269459,1741.8897176269459,-60.564937696579136
7.4572289511227385,1817.8423563614126,1816.9726821060315,1816.9726821060315,0.8696742553811418
7.681324694497812,1894.9291469077739,1875.8732928754573,1875.8732928754573,19.055854032316574
7.937593556295974,1894.9291469077739,1940.6358502573867,1940.6358502573867,-45.70670334961278
8.275190773459395,2010.6914098121204,2021.1882190358997,2021.1882190358997,-10.496809223779337
8.431324694497812,2071.8487283616378,2056.4215856830087,2056.4215856830087,15.427142678629025
8.681324694497812,2115.6708544867183,2109.92743643757,2109.92743643757,5.743418049148204
8.995243408851161,2174.927088496826,2171.622749622076,2171.622749622076,3.3043388747501012
9.15536557224848,2235.827907344149,2200.5575134692604,2200.5575134692604,35.27039387488867
9.431324694497812,2263.0255808573984,2246.110316250414,2246.110316250414,16.915264606984238
0.47878058121970735,39.050547099770945,39.05873933998506,39.05873933998506,-0.008192240214114577
0.7641593168631696,44.21611498779775,43.724515497478656,43.724515497478656,0.49159949031909633
1.0060491193475354,52.80907898002034,49.21797388877552,49.21797388877552,3.5911050912448204
1.1952362815976993,52.80907898002034,54.44947379477723,54.44947379477723,-1.6403948147568883
1.5141593168631697,72.62821944971753,65.02441732256476,65.02441732256476,7.603802127152775
1.8349003003280995,79.95643888700556,77.74031803193472,77.74031803193472,2.216120855070841
2.0141593168631697,88.04607609323193,85.69458794491763,85.69458794491763,2.351488148314303
2.332056264127841,100.01866783664356,101.18671296295948,101.18671296295948,-1.168045126315917
2.5244537689181197,107.04559099959845,111.36717913268353,111.36717913268353,-4.321588133085086
2.738922652479614,129.27692305410142,123.3774119034107,123.3774119034107,5.899511150690714
3.0141593168631697,140.39106486539305,139.73598396305295,139.73598396305295,0.655080902340103
3.303660812187827,158.7908607056969,157.98235055303815,157.98235055303815,0.808510152658755
3.5141593168631697,170.23940735026144,171.85053744768885,171.85053744768885,-1.6111300974274059
3.7641593168631697,181.34113015667242,188.90638107833558,188.90638107833558,-7.565250921663164
4.0199319272837055,205.86315748733028,206.93599441151036,206.93599441151036,-1.0728369241800806
4.26160948552244,214.50005532700018,224.43571944277423,224.43571944277423,-9.935664115774046
4.539333566387013,235.4500873488157,245.00822649888542,245.00822649888542,-9.558139150069707
4.71535842228006,260.2178297957226,258.2569765203929,258.2569765203929,1.9608532753296686
5.01415931686317,289.09165665831864,281.02958833699074,281.02958833699074,8.0620683213279
5.26415931686317,293.5459716963885,300.2732336486795,300.2732336486795,-6.727261952290974
5.506317056617645,326.2211739903927,318.9995656409812,318.9995656409812,7.221608349411497
5.7147700386744145,351.1234500648526,335.13238655381224,335.13238655381224,15.991063511040352
6.01415931686317,361.20072240034335,358.2284214036212,358.2284214036212,2.97230099672214
6.310533382861122,382.0704407032164,380.8862212067899,380.8862212067899,1.184219496426465
6.51415931686317,399.42890226530864,396.2666698123455,396.2666698123455,3.16223245296311
6.76415931686317,422.4049911620942,414.87060500499666,414.87060500499666,7.534386157097515
7.040063573488096,429.55243283478234,434.95621505765337,434.95621505765337,-5.40378222287103
7.26415931686317,464.43055857268575,450.8553873946435,450.8553873946435,13.57517117804224
7.520428178661332,465.93682904654565,468.5034406373637,468.5034406373637,-2.56661159081807
7.858025395824752,484.1250392666455,490.74554992702537,490.74554992702537,-6.620510660379864
8.01415931686317,506.41958314529586,500.59671107327557,500.59671107327557,5.822872072020289
8.26415931686317,513.7005039565082,515.7334243468096,515.7334243468096,-2.032920390301342
8.578078031216519,529.3252513474823,533.5230483963279,533.5230483963279,-4.197797048845587
8.738200194613837,540.5211256447734,542.0291570775391,542.0291570775391,-1.5080314327657334
9.01415931686317,555.6601753890608,555.7127923871275,555.7127923871275,-0.0526169980666964
9.263556357076977,571.219391080024,566.9414129733735,566.9414129733735,4.277978106650494
9.489039965640059,578.1679752943995,576.0960620055589,576.0960620055589,2.0719132888406193
0.03283865744731501,92.93773335568413,135.85777193325072,135.85777193325072,-42.92003857756659
0.27472845993168066,117.32791379291369,139.71195263797443,139.71195263797443,-22.384038845060743
0.4639156221818446,147.5000364654064,146.82404078715248,146.82404078715248,0.675995678253912
0.782838657447315,167.01119593525556,166.57070323977607,166.57070323977607,0.44049269547949166
1.1035796409122447,199.46816763812296,195.71336788584335,195.71336788584335,3.7547997522796095
1.282838657447315,235.4646602320273,215.82423749385808,215.82423749385808,19.640422738169235
1.6007356047119863,274.32816728228914,257.82137921002754,257.82137921002754,16.5067880722616
1.793133109502265,302.0080005882052,286.95856927380703,286.95856927380703,15.049431314398191
2.0076019930637594,332.5638281381167,322.54417861289824,322.54417861289824,10.019649525218483
2.282838657447315,377.7861835183566,372.7191429199172,372.7191429199172,5.067040598439405
2.5723401527719725,404.32797357644097,430.5577522895442,430.5577522895442,-26.229778713103258
2.782838657447315,488.2991988792737,475.6138673356891,475.6138673356891,12.685331543584596
3.032838657447315,530.2790543281319,532.1347184913409,532.1347184913409,-1.855664163208985
3.288611267867851,599.7779668649238,593.0493151154658,593.0493151154658,6.728651749457981
3.5302888261065855,643.0209217775601,653.1931112051226,653.1931112051226,-10.172189427562444
3.8080129069711584,684.953868698656,725.0565081635483,725.0565081635483,-40.10263946489226
3.9840377628642054,777.5774090612683,771.9507818963766,771.9507818963766,5.626627164891715
4.282838657447315,810.2003257913331,853.6072468567446,853.6072468567446,-43.40692106541155
4.532838657447315,889.3318800631386,923.5987490914144,923.5987490914144,-34.26686902827589
4.77499639720179,982.8835249287233,992.5482326308718,992.5482326308718,-9.664707702148462
4.98344937925856,1091.9444941450479,1052.6018889342934,1052.6018889342934,39.34260521075453
5.282838657447315,1108.7691401318275,1139.6272713178726,1139.6272713178726,-30.858131186045057
5.579212723445267,1232.188500110741,1226.2253598932712,1226.2253598932712,5.9631402174698
5.782838657447315,1326.2482995719372,1285.7246448482556,1285.7246448482556,40.5236547236816
6.032838657447315,1364.3117365107103,1358.5068429604826,1358.5068429604826,5.804893550227689
6.3087429140722415,1443.1399332791646,1438.1532398300249,1438.1532398300249,4.986693449139693
6.532838657447315,1508.7055630474342,1502.0549347676927,1502.0549347676927,6.650628279741568
6.789107519245477,1595.4898516631542,1573.9695397387873,1573.9695397387873,21.52031192436698
7.126704736408898,1622.4868590203712,1666.2962762000207,1666.2962762000207,-43.80941717964947
7.282838657447315,1754.2270060928809,1707.8863301014553,1707.8863301014553,46.34067599142554
7.532838657447315,1759.9164257379746,1772.7792688897778,1772.7792688897778,-12.86284315180319
7.846757371800664,1828.61614622719,1850.8952915628645,1850.8952915628645,-22.279145335674457
8.006879535197982,1912.8261324964944,1889.1221268547747,1889.1221268547747,23.704005641719732
8.282838657447314,1940.3273114789997,1952.1521903742698,1952.1521903742698,-11.824878895270103
8.532235697661122,1999.3444311122598,2005.7269376886165,2005.7269376886165,-6.382506576356718
8.757719306224203,2041.6330029699952,2051.141057255573,2051.141057255573,-9.5080542855776
9.032838657447314,2098.815566472341,2102.336295670531,2102.336295670531,-3.5207291981901108
9.288933069801601,2157.585162604418,2145.501221245797,2145.501221245797,12.08394135862136
0.12299692793011469,6.852650877970119,10.071461746908128,10.071461746908128,-3.218810868938008
0.31218409018027865,8.651031205876068,10.384628825166594,10.384628825166594,-1.733597619290526
0.631107125445749,12.31436766460124,11.501747120003351,11.501747120003351,0.8126205445978893
0.9518481089106787,14.707543047787002,13.331526950033664,13.331526950033664,1.3760160977533378
1.131107125445749,14.707543047787002,14.645600208221909,14.645600208221909,0.061942839565093166
1.4490040727104203,20.227254189473282,17.459685393481237,17.459685393481237,2.7675687959920445
1.641401577500699,20.227254189473282,19.44751967331516,19.44751967331516,0.779734516158122
1.8558704610621932,22.26819307572654,21.901668912752807,21.901668912752807,0.36652416297373236
2.131107125445749,24.521189904104627,25.39777536863345,25.39777536863345,-0.8765854645288229
2.4206086207704063,29.812631996442153,29.465769634303662,29.465769634303662,0.3468623621384914
2.631107125445749,29.812631996442153,32.656109207986304,32.656109207986304,-2.843477211544151
2.881107125445749,36.004148294708855,36.679277766515725,36.679277766515725,-0.6751294718068692
3.1368797358662848,39.09948194350483,41.03682064580755,41.03682064580755,-1.9373387023027249
3.3785572941050193,44.22389983941521,45.357678219590916,45.357678219590916,-1.1337783801757055
3.656281374969592,47.41236659289211,50.54101767241251,50.54101767241251,-3.1286510795203952
3.832306230862639,50.50424149837309,53.93403786548369,53.93403786548369,-3.4297963671105975
4.131107125445749,57.333725737647754,59.86016636559248,59.86016636559248,-2.526440627944723
4.381107125445749,59.7391368758413,64.95623339482621,64.95623339482621,-5.217096518984917
4.623264865200224,65.57380590936,69.99015502873999,69.99015502873999,-4.416349119379987
4.831717847256994,72.47172280679732,74.38508707233882,74.38508707233882,-1.913364265541503
5.131107125445749,80.51320089613583,80.77047633941898,80.77047633941898,-0.2572754432831488
5.427481191443701,90.85392232230645,87.14342817107953,87.14342817107953,3.7104941512269107
5.631107125445749,90.85392232230645,91.53293053769876,91.53293053769876,-0.6790082153923152
5.881107125445749,97.78930738159828,96.9144225137465,96.9144225137465,0.874884867851776
6.157011382070675,100.59586866880757,102.81900132010573,102.81900132010573,-2.223132651298158
6.381107125445749,106.40817000530355,107.56856489689514,107.56856489689514,-1.1603948915915936
6.637375987243911,111.24257207401634,112.92745922542285,112.92745922542285,-1.6848871514065138
6.974973204407331,119.6320977229958,119.83059637236887,119.83059637236887,-0.1984986493730787
7.131107125445749,119.6320977229958,122.94956058096346,122.94956058096346,-3.3174628579676693
7.381107125445749,129.34579744327343,127.82900397993494,127.82900397993494,1.5167934633384874
7.695025839799098,134.83079033095115,133.7264343506339,133.7264343506339,1.1043559803172514
7.855148003196416,134.83079033095115,136.62331223718908,136.62331223718908,-1.792521906237937
8.13110712544575,141.03991137905885,141.41842898596047,141.41842898596047,-0.3785176069016245
8.380504165659557,143.06767740578596,145.51607122554915,145.51607122554915,-2.448393819763197
8.605987774222639,147.4192330341371,149.00924117477618,149.00924117477618,-1.5900081406390711
8.88110712544575,150.53732951234534,152.97513665004988,152.97513665004988,-2.4378071377045387
9.137201537800037,154.75361637280992,156.3501621997226,156.3501621997226,-1.5965458269126884
0.05964045442200899,88.31417110479596,129.22253867311863,129.22253867311863,-40.908367568322674
0.30153025690637464,111.49096368017244,133.51456992415712,133.51456992415712,-22.023606243984673
0.4907174191565386,140.16205246276158,140.74553798869795,140.74553798869795,-0.5834855259363678
0.809640454422009,158.70255063995143,160.26749821625518,160.26749821625518,-1.5649475763037515
1.1303814378869388,189.54481942587552,188.67273257238838,188.67273257238838,0.8720868534871329
1.309640454422009,223.75052136551898,208.15958264569903,208.15958264569903,15.590938719819945
1.6275374016866804,260.68060656819785,248.69683716138098,248.69683716138098,11.983769406816862
1.819934906476959,286.9833949671296,276.7416859047995,276.7416859047995,10.241709062330074
2.034403790038453,316.01909968099415,310.9340313768748,310.9340313768748,5.085068304119318
2.309640454422009,358.99168666595676,359.06418109556944,359.06418109556944,-0.07249442961267505
2.599141949746666,384.21304836676774,414.4605797363378,414.4605797363378,-30.247531369570083
2.809640454422009,464.0067865128486,457.56618944014525,457.56618944014525,6.440597072703326
3.059640454422009,503.8981847985838,511.5929477757509,511.5929477757509,-7.694762977167045
3.3154130648425446,569.9395937264475,569.7709270819479,569.7709270819479,0.1686666444995808
3.557090623081279,611.0312535005878,627.1711930827908,627.1711930827908,-16.139939582202942
3.834814703945852,650.8780769123996,695.7102182804908,695.7102182804908,-44.83214136809124
4.0108395598388995,738.8936858213232,740.4111725040867,740.4111725040867,-1.517486682763547
4.309640454422009,769.8936440300117,818.2080168973305,818.2080168973305,-48.31437286731875
4.559640454422009,845.0884800930247,884.8539399771718,884.8539399771718,-39.76545988414705
4.8017981941764845,933.986021204501,950.4765888830663,950.4765888830663,-16.4905676785653
5.010251176233254,1037.6213127966032,1007.608875982443,1007.608875982443,30.012436814160196
5.309640454422009,1053.608948935388,1090.363208842415,1090.363208842415,-36.754259907026835
5.606014520419961,1170.8883152516264,1172.6682267157908,1172.6682267157908,-1.7799114641643428
5.809640454422009,1260.2687307595847,1229.1932383932692,1229.1932383932692,31.07549236631553
6.059640454422009,1296.4385485641828,1298.3096884466822,1298.3096884466822,-1.8711398824993921
6.335544711046936,1371.3451188659214,1373.9091151878183,1373.9091151878183,-2.563996321896866
6.559640454422009,1433.6489220347398,1434.5359260857758,1434.5359260857758,-0.8870040510360013
6.815909316220171,1516.1157763175374,1502.7334897380624,1502.7334897380624,13.382286579475021
7.153506533383592,1541.7697086975966,1590.2350008946291,1590.2350008946291,-48.46529219703257
7.309640454422009,1666.9559110058221,1629.6300273039765,1629.6300273039765,37.32588370184567
7.559640454422009,1672.3622875321448,1691.0683665602967,1691.0683665602967,-18.706079028151862
7.873559168775358,1737.6442634430105,1764.97130964876,1764.97130964876,-27.32704620574964
8.033681332172677,1817.6648844286526,1801.111309800296,1801.111309800296,16.5535746283565
8.30964045442201,1843.7979063837877,1860.657608413648,1860.657608413648,-16.859702029860273
8.559037494635817,1899.8789814564582,1911.2208091815783,1911.2208091815783,-11.341827725120083
8.784521103198898,1940.0637378086324,1954.0366769644017,1954.0366769644017,-13.972939155769382
9.05964045442201,1994.4015241416596,2002.2381476940302,2002.2381476940302,-7.836623552370611
9.315734866776296,2050.2473897676755,2042.8068146744083,2042.8068146744083,7.440575093267171
0.35860962526018475,121.67813890867681,147.71154186004875,147.71154186004875,-26.03340295137194
0.643988360903647,173.2035526872348,162.61980419592697,162.61980419592697,10.58374849130783
0.8858781633880126,206.86394759025077,181.4344946088409,181.4344946088409,25.429452981409867
1.0750653256381766,206.86394759025077,199.90873948496773,199.90873948496773,6.955208105283049
1.393988360903647,244.19509995180238,238.1217969011154,238.1217969011154,6.073303050686974
1.7147293443685767,313.20570066526534,284.9458522821582,284.9458522821582,28.259848383107112
1.893988360903647,313.20570066526534,314.5411428418405,314.5411428418405,-1.3354421765751567
2.2118853081683185,391.79354878039123,372.64175892064475,372.64175892064475,19.151789859746486
2.404282812958597,419.3194419218372,411.07226674108034,411.07226674108034,8.24717518075687
2.6187516965200914,419.3194419218372,456.6074194807841,456.6074194807841,-37.287977558946864
2.893988360903647,506.40410989576816,518.9071354676206,518.9071354676206,-12.503025571852447
3.1834898562283045,622.0162313238178,588.7028981243803,588.7028981243803,33.313333199437466
3.393988360903647,622.0162313238178,641.9311416259605,641.9311416259605,-19.914910302142744
3.643988360903647,666.8625266731791,707.5765695512737,707.5765695512737,-40.714042878094574
3.899760971324183,710.3502422164811,777.1625848396903,777.1625848396903,-66.81234262320925
4.141438529562917,806.4080314169915,844.8724501921964,844.8724501921964,-38.46441877520488
4.41916261042749,922.306078238417,924.6643885825989,924.6643885825989,-2.358310344181973
4.595187466320537,922.306078238417,976.1532082029642,976.1532082029642,-53.84712996454721
4.893988360903647,1019.3263837318002,1064.8313563224874,1064.8313563224874,-45.5049725906872
5.143988360903647,1149.879522180365,1139.934187875222,1139.934187875222,9.945334305142978
5.386146100658122,1277.8749628394423,1213.1603360771644,1213.1603360771644,64.71462676227793
5.5945990827148915,1277.8749628394423,1276.3562189598485,1276.3562189598485,1.518743879593785
5.893988360903647,1375.422264027823,1367.0084603378534,1367.0084603378534,8.413803689969654
6.190362426901599,1496.6479466781968,1456.151130660069,1456.151130660069,40.4968160181279
6.393988360903647,1496.6479466781968,1516.7861398207679,1516.7861398207679,-20.138193142571026
6.643988360903647,1564.6445857444942,1590.270433815814,1590.270433815814,-25.62584807131975
6.919892617528573,1682.6446071293499,1669.7935105460942,1669.7935105460942,12.85109658325564
7.143988360903647,1682.6446071293499,1732.8916051484857,1732.8916051484857,-50.246998019135845
7.400257222701809,1819.2693488223747,1803.1034769737646,1803.1034769737646,16.165871848610095
7.737854439865229,1896.4166519145924,1891.891416326916,1891.891416326916,4.525235587676434
7.893988360903647,1896.4166519145924,1931.3398450101467,1931.3398450101467,-34.923193095554325
8.143988360903647,1983.7489335134924,1992.1296602623959,1992.1296602623959,-8.380726748903498
8.457907075256996,2073.4751138979195,2063.903454977835,2063.903454977835,9.571658920084701
8.618029238654314,2073.4751138979195,2098.3785649442134,2098.3785649442134,-24.903451046293867
8.893988360903647,2117.3316400596063,2154.1130014533533,2154.1130014533533,-36.78136139374692
9.143385401117454,2176.634389763939,2200.180364621966,2200.180364621966,-23.545974858026966
9.368869009680536,2237.583015292109,2238.0505566620127,2238.0505566620127,-0.4675413699037563
0.006030686194479884,79.32193955928221,115.90723939853594,115.90723939853594,-36.58529983925372
0.24792048867884553,100.13884942599552,118.628331767471,118.628331767471,-18.48948234147548
0.4371076509290095,125.8906211185891,124.27159763767625,124.27159763767625,1.619023480912844
0.7560306861944799,142.5433084213426,140.44088724293175,140.44088724293175,2.10242117841085
1.0767716696594096,170.24518853756044,164.67028586252096,164.67028586252096,5.574902675039482
1.2560306861944799,200.9680338963148,181.49451423967918,181.49451423967918,19.47351965663563
1.5739276334591512,234.13786326480846,216.76971394960577,216.76971394960577,17.368149315202686
1.7663251382494298,257.7624771350433,241.3150263237295,241.3150263237295,16.447450811313786
1.9807940218109241,283.8417392235855,271.34591870689746,271.34591870689746,12.495820516688013
2.25603068619448,322.43881718837076,313.761342498485,313.761342498485,8.677474689885742
2.545532181519137,345.0921162388771,362.7319844013861,362.7319844013861,-17.639868162509003
2.75603068619448,416.76118129664667,400.92330199349936,400.92330199349936,15.837879303147304
3.00603068619448,452.59080007890924,448.8752089458685,448.8752089458685,3.715591133040732
3.2618032966150157,511.90781094876905,500.5985980591517,500.5985980591517,11.309212889617356
3.50348085485375,548.8154794714931,551.7049368634712,551.7049368634712,-2.8894573919781124
3.781204935718323,584.6050620352079,612.8115089543315,612.8115089543315,-28.206446919123664
3.95722979161137,663.6588392807932,652.7080746795954,652.7080746795954,10.950764601197875
4.25603068619448,691.5023527351854,722.215911338723,722.215911338723,-30.71355860353765
4.50603068619448,759.0407802235972,781.827867070414,781.827867070414,-22.787086846816806
4.748188425948955,838.886690509567,840.5802878226245,840.5802878226245,-1.6935973130575803
4.956641408005725,931.9697397307683,891.7738764705434,891.7738764705434,40.19586326022488
5.25603068619448,946.3294997968129,965.9937177838019,965.9937177838019,-19.664217986989
5.552404752192432,1051.6673712857341,1039.8877817705525,1039.8877817705525,11.77958951518167
5.75603068619448,1131.9469892452664,1090.680578420254,1090.680578420254,41.26641082501237
6.00603068619448,1164.4339623536034,1152.8372889554173,1152.8372889554173,11.596673398186113
6.281934942819406,1231.7134755703103,1220.887957981355,1220.887957981355,10.825517588955336
6.50603068619448,1287.6734471971295,1275.5112574074174,1275.5112574074174,12.162189789712102
6.762299547992642,1361.7434492050968,1337.0122652880766,1337.0122652880766,24.73118391702019
7.099896765156062,1384.7852741834945,1416.0172695863682,1416.0172695863682,-31.231995402873736
7.25603068619448,1497.224900224551,1451.6255393829965,1451.6255393829965,45.59936084155447
7.50603068619448,1502.080794433724,1507.211710745783,1507.211710745783,-5.130916312059071
7.819949400547829,1560.7156984670473,1574.1733982721305,1574.1733982721305,-13.457699805083166
7.980071563945147,1632.588544941339,1606.964246230593,1606.964246230593,25.62429871074596
8.25603068619448,1656.0606781459505,1661.069620400759,1661.069620400759,-5.008942254808517
8.505427726408287,1706.4315256745456,1707.1035937710094,1707.1035937710094,-0.6720680964638177
8.730911334971369,1742.5246325304004,1746.1662178488023,1746.1662178488023,-3.6415853184018943
9.00603068619448,1791.3296946101768,1790.2593685864144,1790.2593685864144,1.0703260237623908
9.262125098548767,1841.4892819380825,1827.5006936509967,1827.5006936509967,13.988588287085804
0.11705580926801273,54.71531325798047,80.37230153567285,80.37230153567285,-25.656988277692378
0.3062429715181767,69.07456557516711,82.80576836776885,82.80576836776885,-13.731202792601735
0.6251660067836471,98.32464783937591,91.61783589427061,91.61783589427061,6.706811945105301
0.9459069902485768,117.43306925235825,106.12638205709075,106.12638205709075,11.3066871952675
1.125166006783647,117.43306925235825,116.56495698298765,116.56495698298765,0.8681122693705987
1.4430629540483184,138.6253159034177,138.94416053490698,138.94416053490698,-0.31884463148929854
1.635460458838597,161.50546248952713,154.7649119591246,154.7649119591246,6.740550530402544
1.8499293424000913,177.8014350248768,174.30600047502796,174.30600047502796,3.495434549848852
2.125166006783647,195.7905941735272,202.1557690786071,202.1557690786071,-6.365174905079897
2.4146675021083044,238.04036244925663,234.5738597638531,234.5738597638531,3.466502685403526
2.625166006783647,238.04036244925663,260.00496257827234,260.00496257827234,-21.964600129015707
2.875166006783647,287.47681555832037,292.0817098613607,292.0817098613607,-4.604894303040339
3.130938617204183,312.1916526699415,326.8315079928408,326.8315079928408,-14.63985532289928
3.3726161754429174,353.10780839311076,361.2947636451338,361.2947636451338,-8.18695525202304
3.6503402563074903,378.56627115968644,402.6438422735015,402.6438422735015,-24.077571113815054
3.8263651122005373,403.25349177262285,429.7144310176663,429.7144310176663,-26.46093924504345
4.1251660067836475,457.7838299142682,477.00070784126694,477.00070784126694,-19.216877926998734
4.3751660067836475,476.9899482886339,517.6689670907245,517.6689670907245,-40.67901880209064
4.617323746538123,523.5771376275691,557.8456561612104,557.8456561612104,-34.26851853364133
4.825776728594892,578.6538795471281,592.925773296698,592.925773296698,-14.271893749569927
5.1251660067836475,642.8614395922235,643.8988544504094,643.8988544504094,-1.0374148581859117
5.4215400727816,725.4274162079817,694.7786056692966,694.7786056692966,30.648810538685098
5.6251660067836475,725.4274162079817,729.8264764242685,729.8264764242685,-4.399060216286898
5.8751660067836475,780.8033244282288,772.7986282488121,772.7986282488121,8.004696179416783
6.151070263408574,803.2124450359995,819.9525592894836,819.9525592894836,-16.74011425348408
6.3751660067836475,849.6210384459646,857.8863331021153,857.8863331021153,-8.265294656150672
6.63143486858181,888.2215491556251,900.6909550125657,900.6909550125657,-12.469405856940625
6.96903208574523,955.208111311517,955.8374794474488,955.8374794474488,-0.629368135931827
7.1251660067836475,955.208111311517,980.7565519795753,980.7565519795753,-25.548440668058333
7.3751660067836475,1032.7676036238386,1019.7449769879207,1019.7449769879207,13.022626635917845
7.689084721136997,1076.5627873288606,1066.8746753394105,1066.8746753394105,9.688111989450135
7.849206884534315,1076.5627873288606,1090.0285645587417,1090.0285645587417,-13.465777229881041
8.125166006783648,1126.1398063910908,1128.360122841701,1128.360122841701,-2.2203164506101984
8.374563046997455,1142.3305996099523,1161.1227089195868,1161.1227089195868,-18.792109309634498
8.600046655560536,1177.0758002052714,1189.0581204055834,1189.0581204055834,-11.98232020031196
8.875166006783648,1201.9723881990124,1220.7822969603483,1220.7822969603483,-18.80990876133592
9.131260419137934,1235.6375289546088,1247.7891306523998,1247.7891306523998,-12.151601697790966
0.5155562781303451,103.49066040733571,104.80354868834422,104.80354868834422,-1.3128882810085116
0.8009350137738074,117.18030298122827,117.85511553480391,117.85511553480391,-0.6748125535756486
1.042824816258173,139.95313420788187,132.96433118241717,132.96433118241717,6.988803025464705
1.232011978508337,165.2094045123617,147.2393691626927,147.2393691626927,17.97003534966899
1.5509350137738074,192.47726224824797,175.9173711297979,175.9173711297979,16.559891118450054
1.8716759972387371,211.89830306586205,210.22274083250267,210.22274083250267,1.6755622333593863
2.0509350137738074,233.337231816057,231.61968192168456,231.61968192168456,1.7175498943724392
2.3688319610384787,265.0666573513103,273.19950016827465,273.19950016827465,-8.132842816964342
2.5612294658287573,283.68921126605613,300.4719802901917,300.4719802901917,-16.782769024135575
2.7756983493902516,342.60606152623546,332.60583585421045,332.60583585421045,10.00022567202501
3.0509350137738074,372.0604472221044,376.31684829351826,376.31684829351826,-4.256401071413848
3.3404365090984647,420.8230680890568,425.00934576833504,425.00934576833504,-4.186277679278248
3.5509350137738074,451.1636840584838,461.9813073576977,461.9813073576977,-10.817623299213892
3.8009350137738074,480.5851572572905,507.41398162152876,507.41398162152876,-26.828824364238244
4.056707624194344,545.5727436409753,555.4009762214876,555.4009762214876,-9.828232580512235
4.298385182433078,568.462007113122,601.9429063259556,601.9429063259556,-33.480899212833606
4.576109263297651,623.983192103261,656.617459941482,656.617459941482,-32.634267838221035
4.752134119190698,689.6219657696158,691.8068869722689,691.8068869722689,-2.184921202653072
5.050935013773808,766.1425687425423,752.2558089686795,752.2558089686795,13.886759773862764
5.300935013773808,777.9472690396831,803.3028171680604,803.3028171680604,-25.355548128377336
5.543092753528283,864.5421701484979,852.948155441126,852.948155441126,11.594014707371912
5.7515457355850526,930.537481046633,895.6948212031865,895.6948212031865,34.84265984344654
6.050935013773808,957.2439844520778,956.8544311458653,956.8544311458653,0.3895533062125196
6.34730907977176,1012.5523242856076,1016.8098834333306,1016.8098834333306,-4.257559147722986
6.550935013773808,1058.5552303684988,1057.4828337917659,1057.4828337917659,1.0723965767328991
6.800935013773808,1119.4458142425449,1106.650783766219,1106.650783766219,12.795030476325792
7.076839270398734,1138.3877629184378,1159.6958256451194,1159.6958256451194,-21.308062726681555
7.300935013773808,1230.820789712239,1201.6534321069535,1201.6534321069535,29.167357605285588
7.55720387557197,1234.8126653111533,1248.1901733837879,1248.1901733837879,-13.377508072634555
7.89480109273539,1283.014547924896,1306.7786975721658,1306.7786975721658,-23.764149647269733
8.050935013773808,1342.0989203816237,1332.702028864093,1332.702028864093,9.396891517530548
8.300935013773808,1361.3946117121632,1372.4975284531415,1372.4975284531415,-11.102916740978344
8.614853728127157,1402.8028773136248,1419.198673923992,1419.198673923992,-16.395796610367142
8.774975891524475,1432.4738681426104,1441.496045214265,1441.496045214265,-9.022177071654596
9.050935013773808,1472.5949515162413,1477.3078322789938,1477.3078322789938,-4.7128807627525475
9.300332053987615,1513.8295468514602,1506.6248395659027,1506.6248395659027,7.204707285557561
9.525815662550697,1532.244489090411,1530.4614994813776,1530.4614994813776,1.7829896090333932
0.5424045717439911,2.7936414477007494,2.8560744713770116,2.8560744713770116,-0.062433023676262245
0.8277833073874534,3.163181585410839,3.22183083371297,3.22183083371297,-0.05864924830213081
1.069673109871819,3.7779145955768847,3.6404677624231883,3.6404677624231883,0.13744683315369643
1.258860272121983,4.459685909618351,4.033845088398359,4.033845088398359,0.42584082121999156
1.5777833073874534,5.195758297804404,4.820745776662438,4.820745776662438,0.3750125211419659
1.8985242908523832,5.720012606087173,5.758634754038204,5.758634754038204,-0.03862214795103114
2.0777833073874534,6.298738065129682,6.3424141717862454,6.3424141717862454,-0.043676106656563185
2.3956802546521248,7.155246642214142,7.47503535889257,7.47503535889257,-0.3197887166784277
2.5880777594424034,7.657946482697412,8.216937700503363,8.216937700503363,-0.5589912178059517
2.8025466430038977,9.248356227953504,9.09030194016679,9.09030194016679,0.1580542877867135
3.0777833073874534,10.043452059525867,10.27721351934574,10.27721351934574,-0.23376145981987229
3.3672848027121107,11.359757107887308,11.598168021014972,11.598168021014972,-0.23841091312766416
3.5777833073874534,12.178775964152665,12.600443279663153,12.600443279663153,-0.4216673155104882
3.8277833073874534,12.972983351148693,13.831349795680403,13.831349795680403,-0.8583664445317094
4.083555917807989,14.72726740144765,15.130687197968735,15.130687197968735,-0.40341979652108506
4.325233476046724,15.34514340003002,16.39021720294921,16.39021720294921,-1.0450738029191893
4.602957556911297,16.84389007923199,17.86905693740046,17.86905693740046,-1.0251668581684719
4.778982412804344,18.61575237065843,18.820447646756698,18.820447646756698,-0.204695276098267
5.077783307387453,20.681360293410343,20.45404575405642,20.45404575405642,0.2273145393539231
5.327783307387453,21.000018034098993,21.832885849837826,21.832885849837826,-0.8328678157388332
5.569941047141929,23.337572978138997,23.17328645308834,23.17328645308834,0.164286525050656
5.778394029198698,25.11905968576328,24.326972665814683,24.326972665814683,0.7920870199485961
6.077783307387453,25.839978796173394,25.97686910426142,25.97686910426142,-0.13689030808802727
6.374157373385406,27.332979903271507,27.593418597430812,27.593418597430812,-0.2604386941593049
6.577783307387453,28.574788822472684,28.68955550136936,28.68955550136936,-0.11476667889667524
6.827783307387453,30.218477810596838,30.01405149464881,30.01405149464881,0.20442631594802663
7.10368756401238,30.729799438199905,31.442220796679695,31.442220796679695,-0.7124213584797907
7.327783307387453,33.22494956837816,32.57125494812174,32.57125494812174,0.6536946202564167
7.5840521691856155,33.33270681993399,33.822791333143144,33.822791333143144,-0.4900845132091547
7.921649386349036,34.63387522099496,35.39720124832704,35.39720124832704,-0.7633260273320843
8.077783307387453,36.22880708399429,36.093306428005285,36.093306428005285,0.13550065598900574
8.327783307387453,36.74967769058687,37.161180636516676,37.161180636516676,-0.4115029459298043
8.641702021740802,37.867458238187325,38.41298332335207,38.41298332335207,-0.5455250851647477
8.80182418513812,38.668401139198394,39.009998766341546,39.009998766341546,-0.3415976271431518
9.077783307387453,39.7514353086401,39.96771086459798,39.96771086459798,-0.2162755559578855
9.32718034760126,40.86452777663899,40.75033539747668,40.75033539747668,0.11419237916230429
0.26345467657985244,122.3760534909226,145.39785265807492,145.39785265807492,-23.021799167152324
0.5053444790642181,153.84635905367827,155.25151552230113,155.25151552230113,-1.405156468622863
0.694531641314382,174.1970038215254,167.0460022302389,167.0460022302389,7.1510015912865015
1.0134546765798524,208.05046611246883,194.64977064340073,194.64977064340073,13.400695469068097
1.3341956600447822,245.5957403848159,231.62525921941676,231.62525921941676,13.97048116539915
1.5134546765798524,286.1313850057717,256.0736504581801,256.0736504581801,30.057734547591565
1.8313516238445238,315.0021681958943,305.67450176628967,305.67450176628967,9.32766642960462
2.0237491286348024,346.8726878857554,339.34945713558056,339.34945713558056,7.523230750174832
2.2382180121962967,394.04077604221584,379.9277673738134,379.9277673738134,14.113008668402415
2.5134546765798524,421.7245506435942,436.39618292502064,436.39618292502064,-14.671632281426412
2.8029561719045097,509.30871392715227,500.69893066438556,500.69893066438556,8.609783262766712
3.0134546765798524,553.0947906575215,550.3439600474519,550.3439600474519,2.7508306100695563
3.2634546765798524,625.5839568177151,612.1814723088138,612.1814723088138,13.402484508901352
3.5192272870003882,670.687479009669,678.3729860062474,678.3729860062474,-7.685506996578397
3.7609048452391227,714.4246289304067,743.3396395099454,743.3396395099454,-28.915010579538716
4.038628926103696,811.0333809614027,820.5341147972525,820.5341147972525,-9.500733835849815
4.214653781996743,845.0599282145547,870.6828337894023,870.6828337894023,-25.62290557484755
4.513454676579853,927.5961892400294,957.6280817930107,957.6280817930107,-30.031892552981276
4.763454676579853,1025.1729783103729,1031.8032052811145,1031.8032052811145,-6.63022697074166
5.005612416334328,1138.9263944509305,1104.5825589433298,1104.5825589433298,34.343835507600716
5.214065398391098,1156.474936061225,1167.7486899175717,1167.7486899175717,-11.27375385634673
5.513454676579853,1285.2045257243728,1258.9304439571206,1258.9304439571206,26.274081767252255
5.809828742577805,1383.3113332017936,1349.259174596016,1349.259174596016,34.05215860577755
6.013454676579853,1423.012483970478,1411.0891960448519,1411.0891960448519,11.923287925626028
6.263454676579853,1505.2323352614155,1486.4624608180302,1486.4624608180302,18.769874443385334
6.539358933204779,1573.6189856015021,1568.6079281244863,1568.6079281244863,5.011057477015811
6.763454676579853,1664.1372467934134,1634.2496192200026,1634.2496192200026,29.887627573410782
7.019723538378015,1692.2958248302893,1707.8229554389768,1707.8229554389768,-15.527130608687457
7.357320755541435,1829.7042109838421,1801.7733086450507,1801.7733086450507,27.930902338791384
7.513454676579853,1835.6384230593183,1843.8904831529726,1843.8904831529726,-8.252060093654336
7.763454676579853,1907.294011210647,1909.3224192695582,1909.3224192695582,-2.0284080589110545
8.077373390933202,1995.1272083673894,1987.5660823027788,1987.5660823027788,7.561126064610562
8.23749555433052,2023.8116504701159,2025.615070676908,2025.615070676908,-1.8034202067922251
8.513454676579853,2085.3680350988197,2087.9411559476753,2087.9411559476753,-2.573120848855524
8.76285171679366,2129.476111041013,2140.434705122735,2140.434705122735,-10.958594081721913
8.988335325356742,2189.119006100601,2184.4966910752396,2184.4966910752396,4.622315025361331
9.263454676579853,2250.4172173054217,2233.5462609856945,2233.5462609856945,16.870956319727156
9.51954908893414,2277.7923621203786,2274.210054961577,2274.210054961577,3.582307158801541
0.19196757023328054,67.58750237586297,79.3346313281622,79.3346313281622,-11.747128952299235
0.4338573727176462,84.96834847537912,83.79306194586738,83.79306194586738,1.1752865295117374
0.6230445349678102,96.20787787971015,89.56960351554159,89.56960351554159,6.638274364168566
0.9419675702332806,114.9049260174003,103.63513210488546,103.63513210488546,11.269793912514842
1.2627085536982103,135.6409380205404,122.95008329910517,122.95008329910517,12.69085472143523
1.4419675702332806,135.6409380205404,135.86947081417372,135.86947081417372,-0.22853279363332035
1.759864517497952,173.97365893092163,162.29106348395055,162.29106348395055,11.682595446971078
1.9522620222882305,191.5755407028179,180.33924680483577,180.33924680483577,11.236293897982137
2.166730905849725,217.62617053928471,202.17109539769265,202.17109539769265,15.455075141592062
2.4419675702332806,232.91574009369353,232.66750273354157,232.66750273354157,0.24823736015196118
2.731469065557938,281.28790666674405,267.51887776865783,267.51887776865783,13.76902889808622
2.9419675702332806,305.47067347955897,294.496859428624,294.496859428624,10.973814050934948
3.1919675702332806,345.5059708299497,328.1709868473593,328.1709868473593,17.334983982590416
3.4477401806538164,370.4163542452361,364.2893292565097,364.2893292565097,6.1270249887264185
3.689417738892551,394.5720990977256,399.8023704639459,399.8023704639459,-5.230271366220336
3.9671418197571238,447.92848763258246,442.07032051814645,442.07032051814645,5.858167114436014
4.14316667565017,447.92848763258246,469.5663456127907,469.5663456127907,-21.637857980208253
4.44196757023328,512.3053722986116,517.3002733654835,517.3002733654835,-4.994901066871876
4.69196757023328,566.1964014255651,558.0815883286866,558.0815883286866,8.114813096878493
4.934125309987755,629.021676994962,598.1444279727149,598.1444279727149,30.877249022247156
5.142578292044525,638.7136229594287,632.95314188558,632.95314188558,5.760481073848723
5.44196757023328,709.8101422457548,683.260319958081,683.260319958081,26.549822287673805
5.738341636231232,763.9938971088773,733.1659293092924,733.1659293092924,30.827967799584826
5.94196757023328,785.9205857490039,767.3661696722916,767.3661696722916,18.5544160767123
6.19196757023328,831.3300775241374,809.1024150212194,809.1024150212194,22.227662502918065
6.4678718268582065,869.0995819368677,854.6468278606277,854.6468278606277,14.452754076240012
6.69196757023328,919.0922317964342,891.0870665417827,891.0870665417827,28.0051652546515
6.948236432031442,934.6440322155371,931.9828396513533,931.9828396513533,2.661192564183807
7.2858336491948625,1010.5337946379348,984.2941364679263,984.2941364679263,26.23965817000851
7.44196757023328,1010.5337946379348,1007.7810053965884,1007.7810053965884,2.7527892413463633
7.69196757023328,1053.3861391741223,1044.3199239724972,1044.3199239724972,9.066215201625027
8.00588628458663,1101.8958455436882,1088.1064805098208,1088.1064805098208,13.789365033867398
8.166008447983948,1101.8958455436882,1109.4426825072173,1109.4426825072173,-7.546836963529131
8.441967570233281,1151.735270146172,1144.466952122522,1144.466952122522,7.268318023650181
8.691364610447089,1176.095875039832,1174.0540550661797,1174.0540550661797,2.0418199736523093
8.91684821901017,1209.0362599971083,1198.9692451015126,1198.9692451015126,10.067014895595776
9.191967570233281,1242.8908653488759,1226.8205722300602,1226.8205722300602,16.070293118815698
9.448061982587568,1258.0099806695684,1250.0410097757092,1250.0410097757092,7.96897089385925
0.8834836637276035,99.39799744041882,87.0767949808055,87.0767949808055,12.321202459613318
1.1688623993710658,99.39799744041882,101.02294952990042,101.02294952990042,-1.6249520894815959
1.4107522018554315,117.33559280252274,115.49583287471125,115.49583287471125,1.8397599278114853
1.5999393641055955,136.7018647247466,128.4190212474227,128.4190212474227,8.282843477323894
1.9188623993710658,150.49514328478298,153.19911619091488,153.19911619091488,-2.703972906131895
2.2396033828359956,188.25655515374729,181.64395132924852,181.64395132924852,6.612603824498763
2.418862399371066,201.48272959298842,198.96502915048046,198.96502915048046,2.5177004425079588
2.736759346635737,243.32685809003377,231.98842984726002,231.98842984726002,11.338428242773745
2.929156851426016,243.32685809003377,253.30079282854507,253.30079282854507,-9.973934738511304
3.14362573498751,264.24605343765904,278.1368134068315,278.1368134068315,-13.89075996917245
3.418862399371066,320.42702699779574,311.5311967026078,311.5311967026078,8.89583029518792
3.708363894695723,341.32284711829755,348.30076693183474,348.30076693183474,-6.9779198135371985
3.918862399371066,341.32284711829755,375.9661256007971,375.9661256007971,-34.64327848249957
4.168862399371066,403.7350463625648,409.7041363347792,409.7041363347792,-5.9690899722144195
4.424635009791602,443.16749376557595,445.0650828542776,445.0650828542776,-1.8975890887016362
4.666312568030336,489.7856898767791,479.11995096440626,479.11995096440626,10.66573891237283
4.944036648894909,544.1324163112478,518.8488323059498,518.8488323059498,25.28358400529794
5.120061504787956,544.1324163112478,544.2711628870697,544.2711628870697,-0.13874657582198324
5.418862399371066,614.0181204367406,587.686338617633,587.686338617633,26.331781819107505
5.668862399371066,614.0181204367406,624.1063788055045,624.1063788055045,-10.088258368763945
5.911020139125541,660.8895376497968,659.3182993936588,659.3182993936588,1.571238256138031
6.119473121182311,679.8571225642862,689.473722628985,689.473722628985,-9.616600064698787
6.418862399371066,719.1384023464249,732.3527074255512,732.3527074255512,-13.214305079126348
6.715236465369018,795.0566652797511,774.074766602608,774.074766602608,20.981898677143136
6.918862399371066,808.5096813673103,802.1937713269602,802.1937713269602,6.315910040350104
7.168862399371066,808.5096813673103,835.973858156383,835.973858156383,-27.464176789072667
7.444766655995992,874.1577843030642,872.1368577725844,872.1368577725844,2.0209265304797555
7.668862399371066,911.2270151894658,900.5139772931742,900.5139772931742,10.713037896291553
7.925131261169228,911.2270151894658,931.7248643462724,931.7248643462724,-20.497849156806637
8.262728478332647,966.8943742936528,970.5621304063873,970.5621304063873,-3.6677561127344234
8.418862399371065,996.3034954366824,987.5565268547507,987.5565268547507,8.746968581931696
8.668862399371065,1017.376528828657,1013.3746775133868,1013.3746775133868,4.001851315270187
8.982781113724414,1045.8714629725068,1043.163997318105,1043.163997318105,2.707465654401858
9.142903277121732,1045.8714629725068,1057.1444908989854,1057.1444908989854,-11.273027926478562
9.418862399371065,1088.2359631795025,1079.1713719210522,1079.1713719210522,9.064591258450264
0.3210496657443403,14.188036561158402,17.0659527879293,17.0659527879293,-2.8779162267708998
0.6064284013878025,17.83664127734435,18.679594526917203,18.679594526917203,-0.8429532495728544
0.8483182038721682,20.19605460840736,20.77324092285795,20.77324092285795,-0.5771863144505929
1.0375053661223321,24.120957781897342,22.85253894520417,22.85253894520417,1.2684188366931721
1.3564284013878025,28.473882303313566,27.189097335097337,27.189097335097337,1.2847849682162291
1.6771693848527323,33.17350442305209,32.537890948568645,32.537890948568645,0.6356134744834421
1.8564284013878025,36.52072567889297,35.93060076622509,35.93060076622509,0.590124912667882
2.174325348652474,45.68430487496382,42.608927999408884,42.608927999408884,3.0753768755549373
2.3667228534427527,45.68430487496382,47.03594344407483,47.03594344407483,-1.3516385691110102
2.581191737004247,48.89390671282958,52.28893844987678,52.28893844987678,-3.395031737047198
2.8564284013878027,59.04824063190603,59.48652335184858,59.48652335184858,-0.4382827199425492
3.14592989671246,64.1247113939432,67.56175991624451,67.56175991624451,-3.4370485223013105
3.3564284013878027,72.52896133034929,73.72694783156635,73.72694783156635,-1.1979865012170592
3.6064284013878027,77.75817410230658,81.33721453304406,81.33721453304406,-3.5790404307374786
3.8622010118083385,82.8289723872204,89.41152317347677,89.41152317347677,-6.582550786256363
4.103878570047073,94.02959919976368,97.27443481160384,97.27443481160384,-3.244835611840159
4.3816026509116455,97.97456949996635,106.5475603813818,106.5475603813818,-8.57299088141545
4.5576275068046925,107.54365965809612,112.5351996129581,112.5351996129581,-4.991539954861977
4.856428401387802,118.85651876212962,122.85410596967589,122.85410596967589,-3.9975872075462604
5.106428401387802,132.04486387638528,131.59947317263553,131.59947317263553,0.44539070374975154
5.3485861411422775,134.07940693329417,140.1315239841603,140.1315239841603,-6.052117050866144
5.557039123199047,149.00405985797062,147.49894805356544,147.49894805356544,1.5051118044051748
5.856428401387802,160.37836824332334,158.0738086036559,158.0738086036559,2.3045596396674455
6.152802467385754,164.9812408034189,168.48021631200888,168.48021631200888,-3.4989755085899787
6.356428401387802,174.51364704542408,175.56314707105108,175.56314707105108,-1.0495000256269975
6.606428401387802,182.44225944664257,184.15212675724229,184.15212675724229,-1.7098673105997193
6.882332658012729,192.93676684909434,193.4536262412676,193.4536262412676,-0.5168593921732736
7.106428401387802,196.20141645415015,200.83933369874376,200.83933369874376,-4.637917244593609
7.362697263185964,212.1322718048744,209.06389706836734,209.06389706836734,3.068374736507053
7.700294480349385,221.12787912336455,219.4750782875263,219.4750782875263,1.6528008358382635
7.856428401387802,221.12787912336455,224.1051430261894,224.1051430261894,-2.977263902824859
8.106428401387802,231.31108553503176,231.2462471773617,231.2462471773617,0.0648383576700553
8.420347115741151,241.77342773721483,239.6892564208031,239.6892564208031,2.0841713164117266
8.58046927913847,241.77342773721483,243.7501605290546,243.7501605290546,-1.9767327918397655
8.856428401387802,246.88723044827066,250.32481741651912,250.32481741651912,-3.4375869682484677
9.10582544160161,253.8021092303482,255.77061274345562,255.77061274345562,-1.9685035131074073
9.331309050164691,260.9089020782816,260.25809542265335,260.25809542265335,0.6508066556282301
0.5028101453174575,102.705054426254,103.55363704874553,103.55363704874553,-0.8485826224915343
0.7881888809609198,116.29077781514385,116.27059186297221,116.27059186297221,0.020185952171644317
1.0300786834452853,138.89073863641588,131.0762151087071,131.0762151087071,7.814523527708786
1.2192658456954493,163.95528654843127,145.10202100161854,145.10202100161854,18.853265546812736
1.5381888809609197,191.01615176881634,173.3385085774672,173.3385085774672,17.677643191349148
1.8589298644258494,210.28976589338296,207.17565653989763,207.17565653989763,3.1141093534853326
2.0381888809609197,231.5659499998792,228.3015821836048,228.3015821836048,3.2643678162743868
2.356085828225591,263.0545148972868,269.3865085944778,269.3865085944778,-6.331993697190967
2.5484833330158696,281.5357034977052,296.35174389327176,296.35174389327176,-14.816040395566574
2.762952216577364,340.00531117803513,328.1373069570126,328.1373069570126,11.868004221022545
3.0381888809609197,369.2361062476516,371.39393009344747,371.39393009344747,-2.1578238457958605
3.327690376285577,417.6285661120988,419.60164567151924,419.60164567151924,-1.973079559420455
3.5381888809609197,447.73886400952324,456.21808919094315,456.21808919094315,-8.479225181419906
3.7881888809609197,476.9369964235071,501.22667107397626,501.22667107397626,-24.28967465046918
4.043961491381456,541.4312567779817,548.7792537084952,548.7792537084952,-7.347996930513432
4.28563904962019,564.1467659981456,594.9117359757922,594.9117359757922,-30.764969977646615
4.563363130484763,619.2464851783911,649.1188861530779,649.1188861530779,-29.872400974686798
4.73938798637781,684.3869896001572,684.0147276901719,684.0147276901719,0.3722619099853546
5.03818888096092,760.3267184813067,743.9718158164721,743.9718158164721,16.354902664834526
5.28818888096092,772.0418083428602,794.6153039277206,794.6153039277206,-22.573495584860325
5.530346620715395,857.979360547199,843.8783062551033,843.8783062551033,14.101054292095682
5.738799602772165,923.4736956977559,886.3036805323936,886.3036805323936,37.170015165362315
6.03818888096092,949.9774678738655,947.0164319799794,947.0164319799794,2.9610358938861054
6.334562946958872,1004.865957622316,1006.5488680828754,1006.5488680828754,-1.6829104605593557
6.53818888096092,1050.5196519210365,1046.9437067763658,1046.9437067763658,3.5759451446706407
6.78818888096092,1110.9480104435895,1095.7855919018587,1095.7855919018587,15.162418541730858
7.0640931375858464,1129.7461692536672,1148.4922508602438,1148.4922508602438,-18.74608160657658
7.28818888096092,1221.477529458301,1190.193009105504,1190.193009105504,31.284520352797017
7.544457742759082,1225.4391024063877,1236.457365344597,1236.457365344597,-11.018262938209318
7.8820549599225025,1273.275080627099,1294.7245779324214,1294.7245779324214,-21.44949730532244
8.03818888096092,1331.9109388294216,1320.514706786799,1320.514706786799,11.396232042622614
8.28818888096092,1351.0601550050178,1360.1184797125654,1360.1184797125654,-9.058324707547627
8.60210759531427,1392.1540871101552,1406.6186097418922,1406.6186097418922,-14.464522631737054
8.762229758711587,1421.5998430457878,1428.8314100851933,1428.8314100851933,-7.2315670394054905
9.03818888096092,1461.416364027588,1464.5274437804364,1464.5274437804364,-3.1110797528483545
9.287585921174728,1502.337944211533,1493.7740144695463,1493.7740144695463,8.56392974198684
9.513069529737809,1520.6130971331943,1517.5762761964756,1517.5762761964756,3.036820936718641
0.24200024587479613,96.54322748590415,114.24585319613314,114.24585319613314,-17.702625710228986
0.4838900483591618,121.37034670021515,121.59980057549174,121.59980057549174,-0.22945387527659022
0.6730772106093257,137.42509655740702,130.58998059542455,130.58998059542455,6.835115961982467
0.9920002458747961,164.13230289318298,151.8636456763344,151.8636456763344,12.268657216848595
1.3127412293397258,193.7520025950102,180.56223533922312,180.56223533922312,13.189767255787075
1.492000245874796,225.73082400894788,199.6011699346195,199.6011699346195,26.129654074328386
1.8098971931394674,248.5071639031493,238.31729388439234,238.31729388439234,10.189870018756949
2.002294697929746,273.6500145241695,264.6493894715329,264.6493894715329,9.000625052636565
2.2167635814912403,310.86121177283815,296.4153319966079,296.4153319966079,14.445879776230242
2.492000245874796,332.7011132304188,340.66981178691265,340.66981178691265,-7.968698556493848
2.7815017411994534,401.7968027778377,391.11701783440463,391.11701783440463,10.679784943433049
2.992000245874796,436.3399102396979,430.0951529738812,430.0951529738812,6.244757265816645
3.242000245874796,493.527062948346,478.6761900435311,478.6761900435311,14.850872904814878
3.497772856295332,529.1095113046849,530.7091196357576,530.7091196357576,-1.599608331072659
3.7394504145340663,563.6140201030186,581.8061459811776,581.8061459811776,-18.192125878159004
4.017174495398639,639.8292636772002,642.5507486330382,642.5507486330382,-2.7214849558380365
4.193199351291686,666.673017813009,682.0287840027153,682.0287840027153,-15.355766189706287
4.492000245874796,731.7863859656226,750.5005991358377,750.5005991358377,-18.71421317021509
4.742000245874796,808.7653199632042,808.9405485250306,808.9405485250306,-0.17522856182642954
4.984157985629271,898.5060953721056,866.3017638199076,866.3017638199076,32.20433155219803
5.192610967686041,912.3502486717067,916.1024270990331,916.1024270990331,-3.7521784273263847
5.492000245874796,1013.9058202438707,988.0165333761531,988.0165333761531,25.8892868677176
5.788374311872748,1091.3028890495827,1059.2874746509904,1059.2874746509904,32.015414398592384
5.992000245874796,1122.623373088542,1108.0895269254547,1108.0895269254547,14.533846163087219
6.242000245874796,1187.4871236394372,1167.6003917183514,1167.6003917183514,19.88673192108581
6.517904502499722,1241.4377761767958,1232.483224664319,1232.483224664319,8.954551512476655
6.742000245874796,1312.848193759247,1284.3503022134378,1284.3503022134378,28.497891545809125
6.998269107672958,1335.062670591476,1342.5070988990835,1342.5070988990835,-7.444428307607495
7.3358663248363785,1443.4649985344786,1416.8093358482872,1416.8093358482872,26.655662686191363
7.492000245874796,1448.1465352404712,1450.133954847698,1450.133954847698,-1.9874196072269115
7.742000245874796,1504.6760730886838,1501.92773812846,1501.92773812846,2.7483349602237013
8.055918960228146,1573.968227002984,1563.9029591131118,1563.9029591131118,10.065267889872075
8.216041123625464,1596.5975612577872,1594.059419790637,1594.059419790637,2.538141467150126
8.492000245874797,1645.159774819116,1643.4892308226117,1643.4892308226117,1.6705439965041933
8.741397286088604,1679.9569094559881,1685.1589893581806,1685.1589893581806,-5.202079902192509
8.966880894651686,1727.0095592301764,1720.1703122806805,1720.1703122806805,6.839246949495873
9.242000245874797,1775.3680981764005,1759.1946062603226,1759.1946062603226,16.173491916077865
9.498094658229084,1796.964519681577,1791.6033730804854,1791.6033730804854,5.361146601091605
0.867670067290412,153.4788816059023,159.34869766153633,159.34869766153633,-5.869816055634033
1.1530488029338741,183.30598205491438,184.710844121615,184.710844121615,-1.4048620667006162
1.3949386054182398,216.38580879413084,211.11633466688346,211.11633466688346,5.269474127247378
1.5841257676684037,252.10034615765943,234.7372503002989,234.7372503002989,17.36309585736052
1.9030488029338741,277.5373824895034,280.1015150902448,280.1015150902448,-2.5641326007414023
2.223789786398804,347.1755328010298,332.2505528169858,332.2505528169858,14.924979984044
2.403048802933874,371.56673742130357,364.03373882953554,364.03373882953554,7.532998591768035
2.7209457501985455,448.73407745731026,424.6728535970656,424.6728535970656,24.061223860244638
2.913343254988824,448.73407745731026,463.83165200537735,463.83165200537735,-15.097574548067087
3.1278121385503184,487.31245675809635,509.4840898215568,509.4840898215568,-22.171633063460433
3.403048802933874,551.180123289317,570.8958527486005,570.8958527486005,-19.71572945928358
3.6925502982585314,629.4545292655677,638.5456015539181,638.5456015539181,-9.09107228835046
3.903048802933874,629.4545292655677,689.4636998243723,689.4636998243723,-60.00917055880461
4.153048802933874,744.552718054885,751.5776239623174,751.5776239623174,-7.024905907432412
4.40882141335441,817.2725281332564,816.6999397431293,816.6999397431293,0.5725883901270663
4.650498971593144,817.2725281332564,879.4351254597672,879.4351254597672,-62.16259732651076
4.928223052457717,1003.4681734874448,952.6439423571256,952.6439423571256,50.82423113031916
5.104247908350764,1003.4681734874448,999.501301270154,999.501301270154,3.9668722172907565
5.403048802933874,1132.3487139027736,1079.5421428926272,1079.5421428926272,52.8065710101464
5.653048802933874,1132.3487139027736,1146.7056324688049,1146.7056324688049,-14.356918566031254
5.895206542688349,1218.7871873508425,1211.6576260119946,1211.6576260119946,7.129561338847907
6.103659524745119,1253.766481395922,1267.2954195574478,1267.2954195574478,-13.52893816152573
6.403048802933874,1326.2075139343783,1346.4299742855662,1346.4299742855662,-20.22246035118792
6.699422868931826,1466.2130683846908,1423.4547384507027,1423.4547384507027,42.75832993398808
6.903048802933874,1466.2130683846908,1475.3814861302626,1475.3814861302626,-9.168417745571787
7.153048802933874,1491.0226056895926,1537.7799441606667,1537.7799441606667,-46.757338471074036
7.4289530595588005,1612.0883242006091,1604.6035188022995,1604.6035188022995,7.484805398309618
7.653048802933874,1617.316750709537,1657.0591259675864,1657.0591259675864,-39.74237525804938
7.909317664732036,1680.4499808398714,1714.775388320337,1714.775388320337,-34.32540748046563
8.246914881895457,1783.1095936264687,1786.6338358234143,1786.6338358234143,-3.524242196945579
8.403048802933874,1837.344769095938,1818.0941476332418,1818.0941476332418,19.250621462696245
8.653048802933874,1837.344769095938,1865.9129771338664,1865.9129771338664,-28.568208037928343
8.966967517287223,1928.7561174288544,1921.1323719531538,1921.1323719531538,7.623745475700616
9.127089680684541,1928.7561174288544,1947.069522554972,1947.069522554972,-18.313405126117686
9.403048802933874,1982.7638253329308,1987.9741447559559,1987.9741447559559,-5.210319423025112
