SN_ID,a,a_err,b,b_err,c,c_err,d,d_err,e,e_err,f,f_err,r2,chi2,n_points
SN2018exc,-0.02049153218789755,0.038146782717894144,9.85809539478437,0.6802583043868036,-4.115401697804756,3.3595805595769734,-12.180081970222542,1.4487627940473677,0.444747114011109,0.03219200631355291,-0.4370614595522584,0.26311801115489936,0.9987871636145859,41.65601465743177,52
SN2018fhw,1.3730013341851748,0.8691495659158104,-26.067637479773285,22.84285446166731,102.51047937132608,19.841571670105555,-152.26186778229248,130.07208780214015,0.1807715097920273,0.046526803064180854,2.4584440885357406,0.5319640988771354,0.9988816780227059,174.86926387896955,58
SN2018fpm,-2778.5253411756735,499285.52396033215,14136.49749750813,2541585.889177515,77622.09897741218,31059172.162567437,-95580.03576324,34293622.38643008,0.24182949502304962,21.783080186914376,7.238745621612176,55.36893476541999,0.7789427835060735,40.49725795305427,9
SN2018fqn,0.5170288493316931,2.2744530763317017,-134.09749824896625,1589.3861241473874,0.026481145894348024,3641.1174018308634,-3858.3261862110166,68043.54238363313,0.03551123943310038,0.2141710632728854,3.140963600247333,0.945968454376655,0.9892488043363643,119.26948298122643,55
SN2018fub,0.08189516892279666,0.09242568306759254,7.197055984132387,2.1815056762783924,10.98725620296708,8.74905793932653,-18.71750113340228,4.047532716329575,0.3579865509736424,0.034391601900457626,0.6549436325446021,0.3699167526687819,0.998976650325589,71.83727227144402,59
SN2018fvi,0.027756867379319306,0.13941124456850915,2.9553892090061904,3.1270993263325626,2.7090169996788145,12.98475745219014,-8.125657842394235,4.486437268604903,0.41468234735095444,0.09568712205837288,0.1936861371055429,0.9774860277329549,0.9946386913445963,44.846664153210284,56
SN2018fzi,-0.10126790596279844,0.034010536086183686,2.064801711477523,0.3280513396534875,-0.7125144844122362,0.6845807960147483,-0.7193224631164096,0.35792366797993397,1.6745350228451263,0.20180873388705775,-2.233681292618499,1.0031367249254528,0.8454124732721703,22.92932391942886,33
SN2018fzz,-1.5830859800199129,4.00843805377116,5.205534096873797,9.324364912666855,-2.551553937178095,2.844382688162804,-3.399726142538403,5.329576931145609,2.0229000495543272,1.38313683368972,-0.8207552905964497,1.846154012324507,0.8333021125474828,6.774401976414407,13
SN2018gjz,0.01337274174221871,0.005540545812988511,1.327146678750506,0.11362742896682387,-6.8650819380421515,0.503789932203889,-2.9114973181000257,0.27518481012289486,0.5737783463268665,0.015436220915871256,-2.6288153689342977,0.1768424349704536,0.9127331186372075,248.27329950159628,70
SN2018grv,-12.822635241017874,7433.677339121906,168.3383613932866,96459.25415654673,9616.68711538127,11516162.594956867,10158.344304294335,11829075.803320246,0.05016739809288247,14.68266569283549,4.38689835399419,95.26709785735521,0.8236292452651918,323.8894318980443,47
SN2018gyr,-0.09169576973765009,1.6107631339803155,9.5367364458321,5.621126221897993,-2.407031460451023,2.647142464106486,-6.7107509772741425,2.2432081855995905,1.9097930325529553,0.31448358524294445,-1.6937303632206397,0.5491775221475407,0.9869707684428205,19.10995608413218,17
SN2018hgc,0.014459015124043564,0.07051405457403812,7.229187596990813,0.9701934953129664,-13.284668156649364,3.071676034021749,-1.9930534985106947,0.49391635399626843,1.2992507585017594,0.12960473839939,-6.834340898932835,0.8606926464013813,0.9870750986829131,34.35337335788579,36
SN2018hib,0.16536468927745743,0.1131511093037214,13.16547837454509,2.789423501634706,27.379295291935698,11.510891480507496,-40.029546416707774,4.769263190279409,0.3689551424898035,0.023525695428566466,0.513276711732243,0.23267550920121507,0.9989651669059909,97.47684426681928,49
SN2018hka,-255.16742082248243,753107.6976932659,804.0840764880618,2364327.491169777,13596.306150173144,81814067.01179257,14226.995837401595,83669725.63261348,0.18990673686911497,279.805061236112,4.4142739513448355,439.27946046060293,0.670047439679557,5.859716527598888,12
SN2018hkb,-1818.7560342391032,1803689.373053708,7182.399036336515,7122646.953599996,9751.384191139632,26147339.114479233,16840.458323819512,33179050.55293933,0.4670067173391992,230.73041694536096,10.073452271914032,455.6182353899052,0.445869601808599,5.944134620035611,7
SN2018hkx,-0.17767234459245598,0.10741133219792649,9.365183911945705,1.2832906591472002,9.661385838684712,17.44575048188924,-24.31466892628475,13.942222138025667,0.25098236650757677,0.057858110459887466,0.5374565022536618,0.4785507970360423,0.9988908929503049,74.99950245564095,52
SN2018hlp,0.02753160483869925,0.9907621910969096,0.5773230368065826,2.79873945153948,0.8472229715851473,1.7043355137162874,1.9794661969526461,0.7637390367399461,5.561021328623973,0.49890220243947114,-3.5975571746303836,0.7613761311317544,0.8562509820019761,1.4560324168110605,11
SN2018hpu,-4.212933482804047,1922.7423184159616,47.29263708166277,20851.590875383627,5520.807081326192,5107212.070039015,-5646.980931547502,5163743.611858375,0.038676574640863826,8.87643980822498,1.3609030168322291,48.25557481886389,0.9726825585187422,40.45569380844314,43
SN2018hss,-34.995342565369874,3816.766424265347,530.179949792277,57067.45917843326,64288.34703704779,14184171.003831858,-66259.35122086984,14397484.108216662,0.032622518007739985,1.7785738894117598,1.3268841209440656,13.30131867027911,0.9767829315872798,306.98445914709305,52
SN2018hsz,8.889507617888691,1837.5323522800418,-218.51600208724736,45671.06997121532,-15790.879851203175,6690359.048290766,-17173.955562969662,6974142.759313746,0.03253725031930398,3.3168338197312575,4.308233014578208,41.16640017629078,0.9920587553664878,37.74711618510971,37
SN2018huc,-0.0282384215037757,0.027383643251656823,2.0929204989410017,0.8611323358524029,-0.10434294428880969,5.168704766558902,-2.6575987632527664,2.0079425500353576,0.3103030493393035,0.12730987895030751,0.22952052256539748,1.583791811600517,0.9890365105256382,64.09674725539952,57
SN2018hyy,-1.2785790281582239,0.18074370181041113,31.12491076114009,3.111278423852042,-81.68039375634325,12.880103595524561,2.164885635007988,0.8571078537903749,1.0976077229933678,0.32347820607733796,-4.407281086214633,2.9382681247360773,0.9831010616936968,37.755175814741435,31
SN2018hzh,-0.4618610185153316,0.034175622373469015,15.558997896069028,0.6616773037396427,-37.48370852764823,2.9888634565875205,1.1722815733976384,0.27605893892460026,1.0026751517092758,0.12216017203145887,-2.2640690867769826,1.2299314525038412,0.997091111339299,40.77492954533912,43
SN2018ieu,-30.97847873540887,5801.567596496801,404.2785362353593,75162.21059954222,17446.467597391966,6711025.348599137,18753.346342439552,6954465.890773451,0.057850962720451524,5.379241249160195,4.337666599322531,34.83934374147881,0.9603161672279009,85.07653161950226,46
SN2018ikr,-17.592023901088073,50045.85973679145,-13.085604860928292,48859.07297678864,639.9544242478364,3609513.8598546954,-646.6627544091845,3620980.1577517865,0.24044299749613599,350.52434873783443,1.6661220675010355,81.31554185645419,0.8460201475898387,2.6528143524194086,10
SN2018ioa,-1.1311445742112496,0.6071230647356326,19.382199728855493,9.082549359012452,-1.6384586160573191,20.121895627063196,9.330393906728515,13.709845905555119,0.47442149863976313,0.24445183511739293,1.1659573408535624,1.8222707404703937,0.9907624357030086,22.666375346781045,39
SN2018itr,38.62718319418707,21342.338795451906,-348.08323870601714,193044.87186173047,-18819.847884906787,21141671.515888713,19610.475069957905,21578201.70902707,0.0629641200368499,17.356515651884756,1.2860389682402003,78.49386613801293,0.9081683973086184,21.670537193145556,36
SN2018jjd,0.39938792391120803,0.2548174570898357,8.747946639440086,2.5860966620228107,-10.568132559381217,3.208624458387079,-6.863315227522964,3.344889606260879,0.6177375276956268,0.11909498467934722,-1.5300162282051288,0.6027137360880376,0.9992306072130276,37.861980734050945,41
SN2018jjs,-0.012071237365644418,0.008376630189723797,2.1269149442242505,0.1513176722350457,-3.775380808895536,0.5771291207477346,1.1742922565758824,0.2502423114706263,0.4491171600958714,0.06448169967730775,1.0820676659434176,0.6434239692155667,0.9830174344822226,105.91946993865123,71
SN2018jnd,-0.013050213221536655,0.032244371646446876,0.9434081315194212,0.5822431019946595,-1.7953362253453045,1.193220006117256,-1.3524011070536666,1.4934257707425027,0.33066159454001115,0.15412495934397222,-1.371109490472323,1.4010563339674476,0.8183045081797957,151.742395705952,76
SN2018jwi,206.78485466275444,0.0022013600371532395,-5596.216326321632,0.00016203698649648016,-494077.5428503324,1.1921857901609886e-05,532465.973895806,1.1922051192628553e-05,-0.02811674880654785,9.154208915278427e-07,1.9527851308852517,4.084253286951018e-06,0.999725550211187,94.71535679657825,45
SN2018kfv,-0.3240503703871934,0.0655794843854463,9.46302511966931,0.9659313534847354,-7.106757277068578,3.6868882091825164,-4.951192482997324,1.3672271642968947,0.5887999528147888,0.10803153546511812,-0.508766816214058,0.6972568400033953,0.9854069971559839,76.37823206334198,45
SN2018koy,-0.049128606363932285,0.03326510553826583,4.540558697391569,0.8237434234804605,0.493609565456656,3.610955897463022,-5.102157239080386,1.434931731108698,0.35215507486528735,0.04549302544139105,0.4078298778507893,0.5386984054641311,0.9964594997046612,81.62963004984888,74
SN2019aba,0.3764621533395271,1.4866869055688252,-5.726919037270487,34.28243628370716,19.431737226471792,36.11773313304741,-20.902920579567112,161.4960156877446,0.2107966779171176,0.49193003220531206,2.382187807469453,5.062721701873726,0.9241200579411779,222.61465761901252,55
SN2019ako,-20.148759298310985,5413.983024980796,1.90430890076191,423.0532336376647,539.1254837912762,269968.69228848245,-540.4508399735856,269903.8111430935,0.29202070189416685,38.48316926700245,1.5431315014664653,11.381085336449816,0.9451510944492979,3.1406901527472817,13
SN2019axj,0.2318824057841992,0.1369236316326928,0.8572593787797516,1.9614561188916682,1.7134200473587742,5.624707577750198,-1.4490893066648882,2.2047224665720715,0.6993821134151708,0.5917813218304265,0.02810007454978196,3.1054041462350357,0.983561900219828,23.97989194518168,38
SN2019bea,14.62459081323151,9.078937618427537,-231.8680040174515,144.17401469679552,893.8278629317073,555.0289691342035,14.206975385843595,8.608833048009686,3.347547094519911,0.1581333582556973,-9.31132673674125,1.1161304766479165,1.0,4.857863331201231e-25,6
SN2019brd,-6.0746838963919716e-05,0.06628589794902208,1.18067177124191,1.05548315283113,-0.32991530741051645,2.6412950244856037,-1.0671467844567986,0.8794458716494147,0.5920502732859584,0.33714118528886555,0.006699675587214256,2.1171411851837822,0.99363628262757,11.336663641187792,26
SN2019bxi,-0.34593561675425777,95.98926605199219,-70.03986952167898,20233.99028806426,2632.666721803313,1264644.6850095182,-4494.372136542275,2010720.112027452,0.01923754491540955,2.722678528735568,2.515504519415994,24.220200355713246,0.8987127459108897,251.5029140028004,79
SN2019cev,-2.606051294418519,0.6441872285895593,8.580060784563239,1.83092744139407,-5.339410308003206,1.0960189420300592,1.8690333992427346,0.4554147475586831,5.05587884363865,0.38060895905150605,-5.599221859699213,0.5896852539893155,0.6880543137335428,17.37763375399139,11
SN2019cew,1.9051312000042415,0.8377873723362179,-7.8917903230651465,2.794636762245979,8.585257977061925,2.0792119246948872,1.5436611795501942,0.5756203109258887,4.848642259112831,0.5104662260067253,-4.160030209028843,0.9410812785990044,0.7508086045669516,4.687906451217504,11
SN2019dsn,-25.806539817785385,16176.723715425125,319.854877516929,199833.17521248685,15414.407649792312,19932769.52237617,16390.630167604355,20549909.890249792,0.056244216143173445,17.711006394059556,4.3654690135720875,108.94500402430388,0.928805630636961,27.72616232002053,33
SN2019dzn,0.13141353108148132,1.2361540575138747,1.8230443109705108,3.44375184865863,-0.04700350529600157,1.888228754551325,1.2380154658630922,0.7644376777337455,3.5112079918313674,1.2083341999383468,-2.8419717102578437,1.6378719369875985,0.7600116711679689,6.027468372179985,12
SN2019ehg,1.2065748370639626,1025.526932688128,440.98091922935356,365353.21342296444,-3634.507177791583,4520341.149354683,12336.751896713979,15458812.49966997,0.03693932904790028,15.334413052624711,2.8424962928522537,11.582970512038742,0.8457717786744922,28.53399816156296,33
SN2019ekn,-0.8156805977403686,0.09942467892760454,13.434014673564736,0.7244396875290227,0.8248987656785366,1.118584063488715,-0.3365977377044255,0.45874079255810823,2.3844631861766508,0.7198228970843892,2.1040288504522273,2.8645001502924456,0.992393950158345,20.629732073697838,28
SN2019gqv,-1.7673056565685055,0.20903805377039242,27.539101592372383,2.1292285218201403,3.77671261328841,4.225483029431098,2.96684181290511,1.0892841292618218,0.9994390229495804,0.22708218072889216,-0.44215728231695844,1.140058568533177,0.9973177215981158,25.13952282150815,34
SN2019ltt,-0.19357976485920378,0.21645945213213422,2.6138623751065393,0.7144816697567502,-1.5396177689576842,0.5403332171768507,0.48254403793138223,0.1976008080670954,3.133215613426246,0.7654104018679101,-2.247124048584555,1.296103505167514,0.976252871389914,4.653633979518383,13
SN2019mbi,-37.305251965432156,3318.7526676672983,784.007108282197,69532.54012885266,128283.9976289682,23043887.764147576,132395.96218042212,23408088.744404532,0.023831102622114346,1.0548635091931657,4.462735281909436,11.051251581699924,0.9750617169048118,267.52205676420084,64
SN2019mdw,0.04569039606263083,0.009022396262184528,0.16152877611837677,0.14877857554765841,0.6076639355176922,0.5041920057382394,1.1351207083053803,0.24282265181162202,0.859272404959807,0.04526722486549614,-3.8803131762972702,0.39608606466480406,0.9149702913239547,71.38463034116502,59
SN2019mrg,-0.1369024121282576,0.029003256355135985,2.580351528120505,0.461786905861801,5.6102350674343535,1.6078280710649913,3.2869201608168246,0.7094493797926053,0.6154401570155676,0.053563614955459256,-1.027458371971511,0.53242586290897,0.7692167231417512,106.3596535795044,41
SN2019mvj,-30.726297651630123,27933.300674226997,421.17119279351624,381937.8281827613,14679.495423877255,27707942.160526123,16118.430599724505,29013521.047309432,0.06213759563338335,28.03493302206633,4.287441556172244,191.84918342580062,0.8522093689706957,35.84124028954487,27
SN2019ncd,0.011610057285518512,0.008938467944235473,0.31384302217401217,0.11818674953670472,-1.1003817447581465,0.2978711939895294,0.41733667004603575,0.1540487547901547,1.0503032419909246,0.076711603540132,-6.5784913201909925,0.5881635073205039,0.8761910797438569,53.745081272503086,48
SN2019njx,5.950636319852143,956.861278622285,65.7373096208312,10300.268512575183,-2512.7189070786894,748870.3119016018,2640.4977152152087,774987.6051200738,0.07457923052800997,5.991654830733849,1.8795333190342605,13.2422439253416,0.9255332701008618,38.150636603340715,34
SN2019pdx,0.13870431121476592,0.09367317948860145,5.495429751364523,2.132381321750376,22.57285697973657,8.10546617253751,-20.889409571176156,3.4211597271205747,0.38084975111961206,0.032049464569986225,0.5724425923149095,0.31409777507118214,0.9879416733147832,268.9600521709377,50
SN2019pkz,-0.1378844596945551,0.1713977613080821,5.213336420687657,1.3614555911224357,12.074010694596584,1.867226242501032,6.497751515166538,0.8381960332989868,1.0176783644158665,0.0809528941269903,-2.3325931810996328,0.34231583872900895,0.971051755817287,55.00724602116317,32
SN2019pny,0.03474030505179427,0.006025684347056044,0.9333493743491615,0.13830189979681104,0.6093943456021609,0.620611348885189,-1.5261673504421513,0.2076160335156332,-0.8200610135265072,0.022688385323362908,1.3505822926226558,0.2638710865189291,0.9473396949171737,266.03818875868984,71
SN2019qsc,-0.016415756295499583,0.0067800894303515795,1.0318965908555668,0.09299241172897763,-1.363710715450739,0.2449670923210745,-0.49728298860705966,0.16142781133165873,0.7585859842551165,0.06805285817979763,-2.5963087714760604,0.6457130817629431,0.9548888399825118,74.22484401716702,48
SN2019quv,-104.54452659494835,423583.92858447524,355.76917613478776,1436466.4147095848,5935.866604143979,49274036.93486557,6231.284825623198,50491879.98154151,0.18335591280436114,372.192628058861,4.40147642320698,631.1728255390192,0.5933540782959856,8.930956381293228,13
SN2019rqd,0.04158834413814974,0.012393955356763412,0.22435052994346374,0.11184737358103392,-0.05559670339063292,0.2111714688308659,-0.2631920766610131,0.10471534198034808,1.5013469766894,0.1397328369917653,-3.377615601764679,0.7005546967083489,0.9026229780609503,52.72641375181255,35
SN2019soh,0.01398439421719754,0.013391165620159864,1.3129148774898025,0.24825399785811542,0.8705581146021741,0.6614644232318286,1.2688056329886865,0.4202725121382344,0.7791927114418135,0.03705556186218543,-2.5543405472767753,0.46598755150685944,0.9800085801329478,64.78998539087226,58
SN2019sql,-0.1275238010471473,0.05119394773139715,1.9816200093899436,0.4864502186681827,2.9495476647189904,0.8885983547265341,6.2457553308151885,0.5364187286044123,2.342834883840789,0.055569870068110525,-3.838639912919019,0.1527575557350916,0.3844413551604633,425.4975750706047,22
SN2019syl,0.0429181087935613,0.1823166399354982,-0.2339379901691143,2.8155689185537724,12.883210730270306,10.648804869557464,0.9507803880976186,0.37780203211930286,2.7606202755797242,0.318026432962944,-11.323347078364177,2.498341734816088,0.4925731746372183,14.535299515660869,19
SN2019tfa,0.0009927296507900062,0.002930947403357125,0.9029620972128609,0.09321698528083844,0.8456244134811858,0.8364345586682443,2.020974160962448,0.4577833194450941,0.6119928562878859,0.022516483812099936,-7.797746646887592,0.39784408172852875,0.9477630364843821,141.13805276319954,57
SN2019ubs,-0.4095302254761019,0.044412476392200015,10.109621061035595,0.5601503373247675,-2.2286216547238062,1.37726476472141,-1.4268064621102017,0.4786032493865759,0.8274774801117059,0.152881363321592,-6.552439247243796,0.8231500685464362,0.995792268532137,35.02117587533222,39
SN2019ugr,-0.17697218996606942,0.44753088973376265,9.89079858338689,7.612136008268391,-1.9495806009532641,19.855881006062628,-10.971925947822266,11.810415855890485,0.5142070766831105,0.1927357832128538,-0.3728836839314291,2.139459577905001,0.9932509516099777,84.0222433354939,31
SN2019ulr,-0.2603140513219173,0.3188230072844108,6.425678624983084,5.992582193342182,4.6051794316979455,16.61246125190589,5.280522830797362,10.506205196972369,0.39136860107448196,0.31629830553548494,1.127404714823366,2.7491243189779278,0.9557037041195514,86.14985791259542,42
SN2019ulw,0.07293184802213519,0.13732819377176025,1.5576792444932095,2.2509944912325928,3.3945399715361613,6.263268452660404,-4.48188749936083,2.57569101985357,0.5114910206076181,0.135683959924751,0.5453560119383548,1.0796107410574332,0.9838474333509168,64.88338430041686,45
SN2019uwo,0.9933965809753286,694.9552926984754,-327.12706560657244,256405.8348928545,390.5552993915638,344885.0161933831,-7011.528376276343,8230065.300273814,0.046347927957177695,18.07177712371642,3.086094945181934,113.71815398167459,0.795707780579796,71.54875930565461,30
SN2019uwp,-15.636435335919238,2908.659360751649,206.9954594433536,37856.20222333594,8694.053333237576,3353229.4535282985,-9353.602085052067,3476403.7789205103,0.05795257835151864,5.4184855347081005,1.1937657570030824,35.23412923005904,0.9653132688028345,83.557868461444,48
SN2019wac,-19.75265856491663,4483.418050855007,241.57899097693968,54452.90554375278,40684.79245859441,18590550.867375698,-41419.32255715502,18755888.322535496,0.03095780369778039,3.5128229481067734,1.3827703777357536,21.342077165292558,0.862730905343983,198.15571132708462,52
SN2019wla,-0.024278448585165324,0.009533406928064217,1.7192289948303479,0.1471942089568734,0.4142443640125685,0.45334680457598214,1.1451640219992307,0.2453390694265101,0.8663177186818216,0.0463961099502888,-3.22186847858725,0.33948337980453136,0.9046845339571062,127.2465394016902,51
SN2019wle,-20.96435705698589,5881.677826896228,232.76047898954224,64746.66147096082,37182.875433870846,20996706.900460534,-37820.285375596446,21174892.221483245,0.03335714311706621,4.686809055987575,1.3871601419076387,25.810587035315503,0.9300734945770807,68.41256442421705,53
SN2019wvr,-0.022934818916511952,0.006445825917978065,0.9288426353562537,0.13375741343942812,1.3411893797036722,0.5317928621854009,2.9514554963617443,0.282232224431846,0.5521518325213223,0.016186471417202263,-2.829038367387244,0.1969597677741506,0.6046918848595966,337.6083406224107,74
SN2019xhk,-0.0411939334795459,0.03556987042531661,2.5652689273848477,0.44484612128362244,-1.222863083661405,1.6341337656499226,-2.1683690591826075,0.7688956213402305,0.5435086812416329,0.12625478294334033,-0.9033809875811393,0.8527269890817866,0.9539843190244083,71.24565108481518,50
SN2020aajf,-8.448642345580456,2627.664562258673,-1.1523241191028128,386.4719812044197,90.08915388751566,51999.370880965165,-89.91765380255534,51997.56992138344,0.4640849706342264,70.93063747410675,1.569036651406726,9.878909598414644,0.641726481229488,4.027749906905567,8
SN2020aakp,0.24721411295678705,0.04652936226522419,-0.40099208493264343,0.18371320693584808,0.17833126746087385,0.1523817696312269,-0.22816146015658087,0.06504408385459232,3.988873666421584,0.27266636437700703,-6.1678622954981215,0.5814479412300925,0.9706499412983375,6.291482721792079,15
SN2020aan,33.74971808018551,13979.817974674881,-433.1472340041049,180060.65181230017,-23761.071786657507,20241827.74049364,-25158.417243822172,20821624.673179507,0.05186778897435246,10.75185326699399,4.378347393894346,69.24845576661039,0.9535682562605484,21.238503741529716,40
SN2020abdk,-0.04262326626306082,0.0026952154685267486,0.7867676833925799,0.03583142561792019,0.076698923799075,0.09079413394134182,0.2068776973168102,0.04592416455765097,1.4182587373718083,0.055042750997669546,-3.128253913964702,0.4080517365051152,0.7951582960135772,314.9705949972484,44
SN2020abqu,-0.0013751015104632837,0.001595464861721977,0.3634526847666948,0.021888536044556914,-0.5054182332874663,0.06842946318787374,-0.3242751994038071,0.031233492637887425,0.5605498910327072,0.039781085790092055,-1.8258953104634055,0.3130974949663247,0.9941978397149555,39.3750861702646,60
SN2020abqy,-0.015570923606245037,0.001623001451890087,0.4552319077678775,0.021500267742425378,-0.8544709974162108,0.06299852732406433,-0.3514837607198873,0.02851608184965433,0.6714271323413166,0.0326851830424455,-2.066458008063274,0.24109415436058507,0.927854829848506,208.64867374045033,55
SN2020abrp,-0.0015995118999102133,0.0012844163091587054,0.20162431579385023,0.02034305419991398,-0.13334818900119,0.08925928714932745,-0.19260254950202083,0.03387276792593876,0.48022002257783436,0.06557123638084622,-1.18742740334103,0.5630828567947807,0.9599871790285617,113.80629058150129,65
SN2020acaa,-0.0007757048555233964,0.0014734916104179455,0.18813121191203952,0.033794082996847614,-0.05520981103404036,0.20831653073287418,-0.21765337521050576,0.07616212690917144,0.38546851092568873,0.09112284154892958,-0.49809662626147516,0.907262741046763,0.9821890820569504,74.56631655114816,72
SN2020adgf,0.07662865748106026,306.94966204380296,-1.309632471618618,5727.792467246335,-152.9754138354373,1209897.041124718,159.74158817622913,1236617.6979720574,0.031531794562173664,61.30096700644526,1.2766185853203962,571.8374801452964,0.9511725595032725,76.79969018839861,74
SN2020adox,-0.10214941428953092,0.06261306364705357,0.32500030528214924,0.19475343183166677,-0.057858349093408354,0.1285213410858575,0.20515740491971926,0.06315330959381407,4.015283216849876,0.3516408459161605,-3.0049690549183095,0.5957564006639466,0.7991276910735509,4.287827440449672,12
SN2020adw,14.176536377267874,1605.5494999956863,-340.24135880906744,38708.58776277277,-31325.04018544363,7279533.389171959,-33386.16885724824,7512842.065249045,0.029295797491215008,1.6546825790052468,4.359510173746128,19.900761732085282,0.9739040536070032,71.31902139848913,57
SN2020aejj,-0.30262016426285865,0.17693721278451763,0.8684836683527147,0.3701638589212804,-0.5910442491105622,0.16378401795901937,0.11821378945098858,0.07457866058932677,6.7111046691500045,0.9433740690124531,-0.6417354338003989,1.1185288544846597,0.9114219902147143,1.2704051715141704,8
SN2020aek,-0.042858710291900796,0.015284898063784925,3.1877689723130076,0.484209996433264,-0.2745324857728865,3.1006757906326525,-3.902006197130279,1.1090371758203252,0.3142756259073651,0.05227101865638567,-0.07962203630139021,0.6463885200973756,0.9886786297318996,113.64338511429156,81
SN2020aesr,1.3447637081286654,561.459651740088,-23.18746909421579,9765.693688873556,-1952.4926367425053,1667538.4445498164,-2054.076321817548,1710003.102204913,0.036284755015443516,7.570046104526953,4.39688371139946,65.81127195517641,0.9690272311753819,43.16435226353736,51
SN2020amx,4.087840322491634,3309.838844733755,-77.47790505836078,63948.98097814323,-5261.2184649251,8329177.703497329,-5661.618948007574,8638064.754592687,0.03925095428065732,15.059392674216467,4.333751043357631,144.73622085903799,0.9911762714333167,36.91380004637989,51
SN2020aoi,0.15360642702548402,0.23260306906599376,1.9719775586005834,5.561390121010876,19.264154366234298,17.776085811307446,-21.14535945387756,15.471187167731882,0.29476739200924146,0.07845805809169247,1.4622682627312587,0.7560115520867816,0.9988149326049703,41.626536457720995,56
SN2020apm,4.724883069199666,9.422542765044234,-12.392006831462835,21.716146318270265,6.257348935295249,8.025914390880553,2.1420334262188767,4.140091258183618,3.377539873484035,3.0039534888432984,-2.248507151556799,3.2975747209771895,0.9309665024982878,0.672609055853282,10
SN2020axk,-0.0669096997693371,0.050950855381061325,4.726584763460437,0.9717048251020272,-2.3137335892406954,3.797030719757592,-4.659429389521976,1.0988589104733637,0.4741981586349715,0.07537210515044493,-0.17778992018797435,0.6625471769950112,0.9958306556900695,22.886060343334282,49
SN2020biz,0.48569654320236194,0.7164694130156871,0.7858822768152662,2.2607187879262685,0.7813120952585185,1.5209494040427312,1.1307824015775554,0.6772066547731513,6.824607118810791,0.6323703608551052,-10.351346753965052,1.1320452892147002,0.8824567171274154,3.2011856601976656,12
SN2020bj,-15.437782149985022,6053.376449103336,254.4334654309608,98638.82821245787,17456.140086266336,14265681.107660914,18458.703349384206,14667506.982124237,0.040675815897739075,8.095867378714372,4.380957862593374,65.976911599885,0.9883223334430681,53.355420181693106,51
SN2020bja,1438.4650525735856,1383571.5895261778,-5170.055697188538,4973749.155026298,-44329.83662116002,89290163.86382994,48982.94184044633,93760149.05501886,0.24313557966268906,116.5243601781663,7.4169403665601,209.47593198800504,0.4156845619138876,5.114511618247579,9
SN2020bjj,8.547820391846535,5813.023453488547,-85.03198803613593,58403.346728280885,-5156.138100027421,7096141.5566976955,5372.481794506105,7242835.728396286,0.056736788765052885,19.161934158165856,1.2858183595057333,96.22362718642243,0.7533812737431536,78.71264818281061,41
SN2020bpi,-0.06441786573363173,0.0476963443022852,3.416039545117025,0.5721423058466675,-2.3782780025346755,2.9940678132493375,-4.032330885599963,2.346211573610481,0.3640545602036159,0.10859220524499845,-0.5105664341510923,0.8839879022483018,0.9892054370676069,52.44487488526993,62
SN2020bqr,-0.0024113724792625252,0.007626069273432118,0.5722779323266909,0.16503652430241467,1.6580106904936656,0.6566359753497714,0.6239358988023529,0.23613961903534747,0.45129402539995417,0.09685398453064742,-3.029588437273432,1.0392892357926915,0.8616205206001968,123.6730025858119,79
SN2020bua,6.559662619763914,1246.1116186509917,-124.65423811693417,23909.44053064987,-6856.756467499002,2693875.914473741,-7460.6313116513675,2808564.8365757465,0.04219755509288907,3.9881740005013695,4.307560831079172,38.26140810533922,0.9648987732549918,53.70789868552758,59
SN2020bun,0.013738856773426074,0.019206553355792137,0.7124326838128048,0.4431167771732009,-0.6030614503310024,1.9116460117383167,-1.4191157110262231,0.4920652898931669,0.4300913356712516,0.0961837403942018,-0.2395444491740764,1.0720381976429074,0.9627846076864026,81.33234069799124,64
SN2020buv,0.017961317075772795,0.043503163274054964,0.841306235365594,0.7704417506169662,0.9521254664778327,2.5544804024154257,1.3926083115657002,0.769341282124249,0.536667131609189,0.15864497600219235,-3.210703839144667,1.3953796348060328,0.9648379040948388,44.64890940466158,56
SN2020bza,0.0069563728309506466,0.029569044088506212,0.7324394564395156,0.9075303353739026,0.4103882765439598,5.021955480065289,-0.9959372530109882,2.1651145347159777,0.302154420179048,0.32459140913100365,0.39876288073950095,3.8705707647096084,0.9171586019389073,103.9020846680665,72
SN2020bzd,0.001530942152504532,0.057116513364936526,0.6969472892446652,0.5658386713887825,-0.20222286546713258,6.14930025919544,-0.5229900617618821,4.643820121268312,0.3213255310199347,1.2621549675707733,0.21891799963548075,9.265275293571896,0.9268085436463284,76.19649769010263,56
SN2020bzv,-28.374949925531396,4747.329952428218,302.65070778432556,50290.5234260631,68594.63927171734,22997440.04229584,-69395.55513104342,23130626.614347413,0.028684630502310834,2.3953404611647278,1.418791085934081,12.702196607649352,0.9240555829646082,185.81815285996495,50
SN2020cc,-0.008542576322548966,0.052249105637489704,1.2957354938935945,0.5654516778253196,-0.340628316508189,1.2551388271021797,-0.5541131440049526,0.30684738686252816,1.03712028511817,0.35758003436063696,-1.1445223199081365,2.03106785550541,0.8933915048922093,35.86288240384417,39
SN2020cdi,-45.56048006475951,5882.106219803464,623.0580582300132,80320.33084313158,64175.723983866585,16809019.80651616,66293.9843990827,17083213.87022664,0.03713750048432237,2.3958057739649337,4.458822386178492,16.35929269033253,0.8352080999065199,109.69499558429551,49
SN2020cdj,0.06688319964521262,0.004419650539477828,2.164698203720872,0.09321320244567675,-0.23565401377782758,0.44938958136679996,-3.3728389192596806,0.20223568821036098,0.6022242209860125,0.01125590417625317,-2.827107860119371,0.1171024568343668,0.9853067683980389,269.3180666117172,65
SN2020chi,1020.0469191161025,1537759.4008879468,-2075.439048180652,3127301.3618606054,-32322.6805604164,98791275.2215927,33380.464406334446,100381252.12935004,0.24778062167532702,186.64193629204382,1.318856716574716,189.75526372552068,0.276345162065328,7.914171675826585,9
SN2020csx,0.19570909214384416,0.09368104427737796,3.8501078950873637,2.1079872585381136,10.949288414681895,8.053854263251651,-13.249722395128249,3.5211181190705583,0.39032350922876285,0.04987885933392622,0.5523022661416689,0.4738054846100833,0.9952297507330494,145.27729868567914,55
SN2020cvn,-1389.9679278745007,6708389.380543406,2934.9202064099068,14144180.587521216,32114.89257675444,316598612.81137604,33660.65826583392,324054124.02614206,0.28805542664649725,694.7690905464208,4.408743575577219,732.2204773340229,0.9943968788851499,0.13173404645234066,7
SN2020dgc,-1.4037220725773376,1241.352095985005,19.35868788432977,14549.765589007933,4339.041293424219,7999176.469627656,-4386.76678299589,8041809.515332016,0.02489875829404108,11.472506537957464,1.4246561128625779,67.8051684818355,0.9675985453406653,144.18653053906883,79
SN2020dxr,-0.053156037335512434,0.042292064657187045,2.928008981697833,0.6065173211156911,-0.6610826218746486,1.6713090177835936,-1.222815680156933,0.407728636403519,0.7423000960655526,0.15784191929258723,-3.7508011659429323,1.2064671204996062,0.9769891487488868,54.61879535655996,46
SN2020eee,43.80430482801106,13037.476967053019,-728.6516297305765,217366.80149802196,-11117.71647542496,7457157.673365776,14164.102769627327,8363167.028609559,0.0790791929374837,11.706602741891292,7.194774036917685,97.58238003325768,0.9096228063952517,35.915426100000026,36
SN2020efe,275.1836267378546,28103.3244539145,-3855.7285388372793,394394.57347972825,-121466.89359458664,26119242.06934877,-135006.43532955713,27502948.533433404,0.06398438701629697,3.2640026971993032,4.263427894962571,22.901719684812612,0.9502268828911553,122.22914501186958,33
SN2020exu,-0.16754750626701365,0.0488609867517498,3.858068117951007,0.5628232075822976,-1.5852294978192414,1.4628552136712096,0.25479942073886247,0.31901029721824753,1.7583391732899794,0.5233757494571103,-3.4048489334178202,3.162123727755251,0.9727764890539055,12.914963624157185,32
SN2020eyf,-0.7335450346692169,787.7229329463389,-90.30763751528524,202246.0723665546,451.1644970326811,1367090.1958165965,-1515.9950733149706,4942440.865669076,0.06351622462482874,68.8130386996756,2.8392705629617936,82.91008827978207,0.6364144522066691,34.00658955887831,23
SN2020eyj,-0.4086938882009349,0.14643710075823904,12.111929338664188,2.4444167138938484,-19.909762159938346,9.486860537271886,0.6513140091367642,0.6278566678972528,1.0908386371033651,0.6171160704613722,-1.3634488801031872,5.304367315462654,0.9946664428008276,20.06903203760459,35
SN2020fcw,-2.0154954883062803,0.0695760780448348,32.034255332353766,0.7110553064302226,2.8895424923913757,1.5560659197544773,6.039407697277458,0.6511690772085916,1.3578506470993779,0.03947963807539513,-4.023871985835248,0.22545030038636246,0.9890045141870306,88.93953936542005,39
SN2020fqi,0.047307729064533725,0.029870136336189644,0.21643221904242607,0.4229796789703119,0.1876000701732273,1.3568346762594874,-1.5500405427616704,0.3013767200433047,0.7182134427970486,0.1404932644834516,-1.1193297943198317,0.8567949606286169,0.9209150325650738,48.65203388575391,47
SN2020ftl,-5.7309416478729736,0.1804738478364116,188.40510279952008,3.0974000737721497,-493.47912455972323,13.925842875464422,27.882768792075673,1.664484336755376,0.8949963436485443,0.0367219752540522,-1.6036395060789532,0.3204919709328025,0.9998402824255415,56.29878640018601,34
SN2020hdw,0.6137365040826743,10.869622527776984,-11.19370186373667,209.7258174348155,27.79299283458638,89.52880719661125,37.361397325076425,921.9857106503749,0.2290034286550164,1.5634613515827436,5.69992328707649,14.057797193802312,0.9905432699379868,16.57853317757547,36
SN2020hhh,-0.0994728693738509,0.11576710439590021,1.6280774494775336,0.6064977255976164,1.3415083417443427,0.6756723533457015,0.39803216861910484,0.2911470567241447,2.440251928207531,0.5495117545934598,-2.515128781027059,1.628663739162571,0.7343331509961977,31.710252420403553,21
SN2020hsh,-1345.8562606909657,744473.4502202028,2625.017306360102,1451118.1884735033,13470.454946502305,15484701.626668168,14749.22468474236,16191826.29415078,0.4294865740784447,118.22457941927865,4.293764021195977,115.26234406744373,0.9170138658702053,1.1211723549718728,7
SN2020ht,-0.31640605737604466,0.4555514968147129,4.309868581531205,2.839134161690717,4.611693569075388,23.13926755406671,-9.793914466622295,24.55805939697395,0.3349932203620463,0.30915822896176315,0.2973181443325402,1.643399299121033,0.8234187461734299,130.44805075924856,49
SN2020hvq,-0.2230147166855635,0.009346585834508113,6.932343635559609,0.1466197026837979,-6.4538556619010095,0.4995721544830647,-1.4072314692836516,0.13608089229603454,1.1693913363716344,0.03153561257690448,-2.7905924133307254,0.23992466310765687,0.9929924072500154,61.57231103680577,45
SN2020hyh,-74.0274207711396,6533.5455566368655,726.6997670268817,63860.50039409785,131492.55456032028,23303558.584607273,-133266.53447098934,23459605.40801481,0.03339925134703833,1.4719479296064033,1.4075676692585257,7.194789473407189,0.9636792581693574,245.08441221600572,45
SN2020ibs,-0.05090845629734493,0.011087404397033023,2.420068966746888,0.20353589968311242,0.3046245495566912,0.7526641152229682,0.6814060390574604,0.3095013187691729,0.593579159386649,0.11725958004741659,-3.2225902948679606,1.0754934627724464,0.9344506993000216,110.49953542164613,73
SN2020ihc,-0.010090840806961045,0.0024873378348182497,0.5026988762704689,0.047420172569473375,-0.6220325319160056,0.18711369543278863,0.19438566380212385,0.08691277451612679,0.7601522519145542,0.07967788480744038,-0.6984358583806379,0.8053399263109227,0.9359144235932091,63.8715238627179,69
SN2020ihe,-0.23435625374406344,0.08972528325234456,1.069873195834261,0.6668741686259431,13.45478668183341,1.0371592330262858,7.128058482174153,0.5424395455595749,1.5698522424488761,0.0396726252254413,-2.001633338318138,0.14381013164627743,0.7345944241283071,83.65438919148811,24
SN2020itn,-0.08415549286964351,0.04591548632533897,3.8880052124537223,0.4693287347734458,2.5945997301159682,1.02680384080282,-0.632276405040639,0.39885129736466957,1.1893269310437222,0.28187201753311025,-3.522247844058726,1.477057132445029,0.973414931401538,26.648798257944776,40
SN2020ixo,0.015628513345424096,0.032592304278615494,0.8412429998673581,0.47138321778906733,-0.48822668425507065,1.3497477907213726,-2.0264873775794445,0.3322351797565285,0.8065617461736988,0.0797111438479789,-4.206053184244674,0.6090271012047113,0.7618085307734859,157.4527924502164,49
SN2020izx,3.651324510348508,1064.773371943807,-49.78110370806888,14805.049629949106,-2401.963442713348,1425885.1553602486,2580.876615057973,1477348.7299170084,0.053796197164793204,7.750617397761611,1.1968376207002436,53.86744853200027,0.8226906462652261,110.73834366880695,60
SN2020jdo,366.3958467943267,847117.3388310412,-773.5832919031584,1789635.2810526055,-8534.471911332697,40258188.24796406,-8942.691718583017,41203391.76301741,0.2870030489618341,331.1274987619279,4.409204141299139,349.84554972901776,0.6645026988491527,1.4061969707418784,8
SN2020jex,-0.00997300415006966,1.0517502204333078,0.18439043886198409,3.339751668599497,0.3294803087072605,2.375857174283041,0.4289413658275292,0.2947493723434938,4.896027665743919,1.9927430545172613,-2.679799256333289,3.0767600424744463,0.3177775103614281,4.876423697951043,9
SN2020jgd,0.01074592487297173,0.0077308355357989175,-0.050773678160381995,0.15727062543351306,9.176949328221014,0.8079161436509995,1.9015119026995733,0.3909725989000824,0.6737065585629467,0.03874811541062243,-2.0087696625294145,0.4917260728963764,0.04387242106594569,615.4581751515747,52
SN2020jir,-0.2967647362943988,0.2990045856890604,2.1801741595476747,1.169991378190038,-1.2389210314126222,0.9869405976415464,0.7809181372553107,0.4044827318848232,3.2939183034902784,0.5369924883763635,-3.636421797807536,1.1111406393836794,0.8739359734483918,4.446554105094845,15
SN2020jjf,916.9085387296773,1630574.33611412,-1717.768094329893,3059857.806383516,-12052.831153539295,43830896.30143313,-12862.553143517365,45266391.794980176,0.3799907423340831,335.0316078896599,4.355826098340031,314.4226369300626,0.5150470789862489,10.751810492411268,7
SN2020jjh,-0.22345415405017052,0.03516773545030377,4.467059221036755,0.5140408659276043,4.072778342677029,1.6226818995791672,0.9492316412268541,0.47171615776331194,0.7971745062086604,0.21032363678688556,-1.4603400462614302,1.6936648860596315,0.7358549756805082,168.614642752095,48
SN2020jjk,-48.661664402095745,39867.72021080454,375.79190033933,307487.5414622979,15949.056246353044,26754705.629594166,16669.356592225995,27347594.654698938,0.07643132895632837,31.40469116445288,4.417633159193916,121.11980855665315,0.5668068857057156,19.40501258985886,30
SN2020jmg,35.411058060593895,35750.96740582657,-203.53163268849917,206323.43256222203,-4074.5039704535106,8443658.468462734,-4370.382944483796,8741337.944184067,0.12810644162575427,64.22614503914197,4.342746156065288,185.33133659080846,0.48058542953072014,23.919602131125064,21
SN2020jtg,-0.011698037985128478,0.009732619800835304,2.955863290830834,0.1779379767528967,10.635771613624913,0.6297316304409474,4.122197058183987,0.3304204459183055,0.8145351820389614,0.013190246708836933,-2.57047041809364,0.13786703728473368,0.9223748957344066,502.71638066070227,67
SN2020kq,-0.6125241961829654,0.06482074342317916,27.850211064113335,1.183236566805937,-65.53924626720179,5.1432621957779725,-30.209589747806863,3.391811226808251,0.341090702372563,0.021047804527187877,-1.5068475155468164,0.23224124105298696,0.9435909896327012,1795.2605585045412,77
SN2020ksl,-1.1542782956132749,1.709304124001733,2.9791712434350877,3.098799989642504,-1.1078073641514017,1.1538913549518506,1.0011202915278714,0.40766039126584175,7.223075666631535,1.1551342720986242,-4.020196300139788,0.9843069978764882,0.9519618877966363,0.6062650456217936,7
SN2020kt,-0.03447701534664279,0.01172831078577041,1.0402384339751238,0.2050826882735821,-0.8415708946813358,0.6508571222155103,0.9342052519924783,0.3041900072745497,0.9561548954201171,0.11281069663235263,-6.602206623317204,0.6104071508750483,0.7160682031474768,45.86766261128493,49
SN2020kyx,-0.27742194620501537,0.1761954516732133,12.068420592962763,2.7051181043714587,2.5407912447057845,11.195791368837433,-4.943315060101538,5.67301868767164,0.6179726451061698,0.41607362636834383,-0.3525601052910863,2.5644837247034395,0.9914350031512166,29.20478814749473,32
SN2020kzp,0.04549964131253318,0.007261173872689753,0.7554465273581001,0.13294767014603015,-0.31466200498786345,0.5123511252769438,-1.494015479615767,0.2260074364046203,0.8072449116068857,0.03295248919393927,-4.865063022245549,0.3192455395000256,0.9501539307441802,138.39529696090472,65
SN2020lek,-1.6427628322172971,0.44810575811001746,15.916198440804118,3.759717424688695,-24.401085081089057,7.594427655963606,1.6578782774704697,0.5465927607138953,3.9636976421736163,0.3355139909837785,-7.5139137113562455,1.4843868534019475,0.8125413274854778,15.701462745358752,14
SN2020lgh,-0.1478931584826494,0.14453632033160185,2.3860201394789184,1.3280216237264315,-0.5064280995489152,2.362819311087579,-2.004359925494568,0.7515394635670679,1.1167338784311693,0.23869938987692563,-3.312184791538306,1.0630980414563667,0.4773187872592197,38.051591413862184,34
SN2020lmg,-0.501516925616069,0.09910663833607544,4.778953601190335,0.6828652122907364,-2.903238541570355,0.9977861515415953,0.6980064210702821,0.4299670240518865,1.836986905930953,0.3494898336601725,-2.393575424300777,1.3824887635442458,0.8647748218630601,23.33410365033232,27
SN2020lsj,-1.6351391807697044,3.0480964209023367,8.152041315882816,7.063884630206181,-2.6661228279060127,3.4819963077232754,-3.510420106791498,1.4619841607618793,6.60736653603708,0.6639792232554913,-4.218537948993305,0.8407755240307443,0.9088985348829468,1.2577864313161116,9
SN2020mga,-0.17880191928933747,0.02849590371723711,5.231457360906811,0.5591370281770521,-4.228946873646122,2.273304536304444,-3.915333620429468,0.5703018392916729,0.5413633771587016,0.05560342760208604,-0.8290379029552474,0.5295992751269928,0.8801360521938983,323.5834433255522,63
SN2020mpu,0.08195081323413525,36.72417202897761,11.622679196129463,5472.352384680805,-237.93421620100418,177709.975900353,410.89418339044175,300508.25710918696,0.03345866481329231,7.877171860612688,2.5250128383057953,16.196071839883476,0.353564477242171,75.01551605615036,61
SN2020muw,-0.45942195962098464,0.12494438153953234,5.1751693905618525,1.167116756066743,6.830666760916712,2.4049562238602404,3.0402717630161686,0.7388377506431801,1.1756601605285404,0.1847711295823421,-1.5853436888826296,0.838897638646197,0.45389927829014487,95.02954056184309,31
SN2020nin,2.383991079577604,831.0324327506465,-84.12137640687754,29646.581162364284,-1218.2521271935357,1018802.9500654587,-1962.5701653828964,1282385.0056718236,0.052985619058636205,9.25473780308948,3.818735079708951,140.77476137861083,0.2942683571222542,76.05050173861042,31
SN2020npk,-0.006673414869622419,0.005099238541590035,0.5096962466539321,0.08051788851785507,-0.23488061767085286,0.2414586307776154,0.3742452502638083,0.13223206112864747,0.9381978397969305,0.06794241998251196,-2.594521260948138,0.5200562490026049,0.8460814788740814,83.58181159728177,59
SN2020nxh,-0.20555436753321782,0.6560440293191806,2.8292119057635166,2.2318310611402445,0.5089635191538749,1.625627703764813,-1.6806311865881087,0.7109003023635826,6.347130164936066,0.4509312156148617,-7.624738910178726,0.8992896645136043,0.748714983077485,8.599981267842967,13
SN2020qdi,-0.011190829018609608,0.005024453443321989,0.7730048212249807,0.06583341069973493,-0.9228826141056397,0.19885608095132631,-0.8854761698448594,0.086497962555028,0.8265584890073016,0.03538011127117926,-2.308033673997473,0.28101816444711253,0.9295957427472971,84.45536157899731,49
SN2020swy,0.025825870786025596,0.001618925670441698,0.14868488922444983,0.029647982793547356,0.15897846999586404,0.15465357438190344,-0.2699729904773646,0.034206066953285943,0.7571701716382362,0.05327341481371153,-4.506195225935252,0.6197396025748227,0.991189027230847,94.48705758975332,50
SN2020tap,-0.01841872911294201,0.006498144671337133,0.542357432078382,0.10787617725382011,-0.7152330925255488,0.42413288109828956,0.0934193144486994,0.04309705311785776,1.7383510813152308,0.21981064316628277,-9.217537686971069,1.8821653144673312,0.8918132136895547,48.21313433236141,33
SN2020tjo,0.08978076121107233,0.14222020651154882,-0.23674816899738055,0.3324694983110075,0.13593033359532727,0.1651791782371243,0.20178698857370947,0.07593639584269124,6.060754674192918,0.5082168153362437,-3.6718000287395887,0.6704229111172054,0.6562937730187801,3.9674933328836124,9
SN2020tld,0.5466003175699726,0.055268018389743365,-0.5276832215723201,0.18856436106107585,0.3203613255064627,0.1364913567152856,0.13734602508806698,0.06249435660658307,3.9550276082682547,0.45453345813843915,-3.6338950080375594,0.8586208843157498,0.9905731370428486,9.613146032727803,13
SN2020tn,-0.14282450880767972,0.25587271887391094,4.161141807316333,2.873595535715333,-3.7391099989740857,2.911313982555798,-1.9414514127596318,4.705053292831127,0.5069936616673696,0.5309175806531822,-1.254830649901418,2.956332572784393,0.910480219539567,147.13002025441125,41
SN2020to,-0.46418056296082333,0.1304357027105487,2.0198340630363556,0.6853302556172326,6.998251412327304,0.7459817979223635,2.304333323318653,0.3432759091061623,3.05711604685169,0.09742868455621873,-6.127067664657296,0.28728153552386987,0.41310719645019844,79.00567206132004,21
SN2020ut,-0.19230517816668943,0.049462340706846485,7.987813518269112,0.5008388619689438,-1.6536031508935662,1.0666655776658458,-0.9091715359480721,0.3034111895382325,1.2154853465977928,0.21138047588445422,-4.763182390385526,1.1178467092428304,0.9937623703679042,45.529448081345876,39
SN2020uvg,-0.007455700867673202,0.008981419803205808,0.35023985323356044,0.19868402443428454,0.3286721495281449,0.7495719483179368,-0.35396737237797743,0.3492336736981578,0.4113045183327531,0.19939589038797326,0.5807527849644599,1.64723845474837,0.9908901689817835,41.33768978838859,45
SN2020vbs,0.31203845888506204,34.700619617647604,-10.034868535161639,1128.058924178976,-201.01182732029076,49483.210792882914,-284.63118200073086,58643.49258053708,0.0498331443207219,2.682403932100657,3.9256061023733912,40.095866498687144,0.9805570694540886,58.93832374816644,46
SN2020vfa,-0.0021754182405961105,0.0010935918900911996,0.10626551856116473,0.01695825359457803,-0.10564563508829102,0.05246574475695034,-0.10042954613902616,0.03243229653682393,0.5931218610045423,0.07239468329844827,-2.6552362685061923,0.6359554619814402,0.8224041617484422,82.4100073437238,56
SN2020wap,-0.09511370257119792,65.58515487141088,-2.181502251859691,1617.4996168326725,143.3861566671224,184398.15849697203,-153.4324883748495,193713.4063864421,0.03951249745530352,13.824846571705466,1.9378097674805395,65.39378814157666,0.8123144552895234,46.837227177144094,42
SN2020xit,-6.9661237489449706,23.742088807236748,19.52288460130068,66.70611963534502,-7.466661594445515,7.125663861886537,7.322937444509389,39.710405012356574,1.632806550801216,2.5089593254484006,2.4304194274412936,3.4695775071914907,0.6715666910578342,49.078913918587716,9
SN2020xoc,0.03186647587553523,0.0942270317028406,-0.15500389125996195,0.25255194731239944,0.2601213746814513,0.1440747579142014,0.18657077741336933,0.06901573941593857,6.350550860274885,0.5727961490475295,-9.135536065092298,0.7898135812352959,0.7012058061188406,3.6388554976909697,11
SN2020xsl,-0.48023413265241466,264.96903917082193,3.6627619581043023,1925.2290316058838,281.4961628178681,311648.64277294994,287.87811185415507,315144.6269783264,0.05839866661788221,16.203354089858376,4.496967102104059,61.505637019498664,0.8610736144791868,41.00787829437965,41
SN2020xyw,0.31364056326614065,0.22500620414893288,-4.694988735991055,5.852244326041257,38.42451570483184,15.673620450096411,-37.98995730570443,22.383092110807596,0.2309506546277983,0.04295518434851944,1.9310400070674643,0.45748250864942813,0.999776689074274,78.14525778077214,47
SN2020ygv,-0.010607721817057646,0.007987771519008025,0.5815626420470559,0.17726611964733358,-0.002449915629071426,0.6945545686677469,-0.7755954777362573,0.2573763480215841,0.39704700662875886,0.06377451012223183,0.3265767099589505,0.6793696310453368,0.9816733441166015,131.12721516321255,58
SN2020ymv,-0.007697705481323598,0.0010987581855947792,0.33727235760119634,0.02260924172234866,-0.3942790887912892,0.08875656817925705,-0.19854779060545735,0.03239515066763018,0.5887997048810261,0.03645464812043182,-1.5716922322115947,0.4025946021557979,0.9793161274155175,66.06930490258888,63
SN2020ypm,-75.29966476378033,49250.51944120805,209.60496073523765,137180.52588148438,2168.053368351275,2912849.7554977783,2313.814926543201,3008374.026443058,0.256291495517167,83.56237610751327,4.355539659962878,116.29455168813908,0.691479278753397,2.6482014689478133,9
SN2020yst,0.1107872725378333,21.16995538554345,-3.7105125083812216,713.1668711352505,-88.56122646927844,36809.27630946019,-120.69898334741757,42812.19601033648,0.04539070826719534,4.183772942199657,3.966012021713184,65.72171247457311,0.8924029302098992,51.84072388638311,55
SN2020yzv,-0.25663618619827955,0.21412292367142227,0.4099747265919581,0.47223823927104863,-0.06387475752113904,0.22256544733798964,0.05548520698956249,0.07358392256373573,5.429330178824395,3.7071013742402763,-1.913750116588169,4.299590849772508,0.4955550960481431,3.367157262790954,8
SN2020yzw,-0.01030057545634179,0.0008574047499156521,0.3153387966340702,0.016389788503088996,0.15565725506331632,0.0601633563706791,0.21355127270047575,0.0390240412723343,0.6104513482870378,0.02391095090969794,-3.2337486943699707,0.27761806451001914,0.9286700384956346,127.30988367689584,69
SN2020zbg,-0.00864738517916782,5.481294100215702,-1.3974550916772928,1106.6177507847167,40.209817709799296,46520.465682349,-69.41624756149484,79277.59056810582,0.025512472032737585,9.407881007473126,2.524323634911386,20.42753480175357,0.7803136290320217,81.02790261355409,65
SN2020zbo,0.2150843883664307,30.661943872041288,-31.49266784579232,4316.3953193053485,-363.01082170327055,128734.27991450373,-1199.1458265370757,260808.29913368227,0.027637097128144408,1.8525469459645936,3.4490177360034777,43.62695737590732,0.9782481069101073,139.15155941788308,51
SN2020zbr,-0.010728511932364064,0.04644943523583399,0.25474969719964996,0.972990921813216,-0.21522230939507697,2.4593022189262945,0.30240671567301186,2.6205273742193524,0.29563199017339564,0.8482525016442638,1.6628636050887309,8.542886135689905,0.7517018059124752,51.179059585469844,56
SN2020zk,4.467282462091345,2937.001105505746,-98.56170603627503,65273.13508103326,-9478.939929875387,12685844.845537,-10032.560531563218,13048509.132062295,0.030043457796209407,9.797952963049914,4.378552308972067,108.84940105815421,0.9531359999614969,30.069588173050796,48
SN2020zpi,0.10267645628762473,0.20745570692415097,0.6270247671555733,0.4172292104944803,-0.3215824729473146,0.17530451119359766,-0.11734015823599427,0.06665387978685232,6.394394372121352,1.344328670211937,-2.3757443696478266,1.5141445296246112,0.9942033026529777,0.6308688866998297,8
SN2020zqo,-2.3163494524669765,164.81187511769164,28.451279158480144,2010.2173940455507,440.39034539838485,67622.31211603296,526.4143249922255,73751.9644866646,0.09481951003272474,3.346311823531666,4.134007108633357,20.42055569872657,0.8148214771310541,134.91692622376087,39
SN2020zr,898.3036878827594,455275.565525494,-2150.3491340302107,1091532.4309928007,-15281.620704675433,15919801.626616677,-16573.905761202328,16574043.916114133,0.3319520647982104,83.22791628829927,4.314428946401596,99.79224191851571,0.9685062252757463,1.9290774919879528,9
SN2021aafd,-0.00046425182099964164,0.0014869743364748734,0.10482087592797049,0.029436625420774288,0.12617696135705822,0.0868377560169731,0.26643465757999013,0.039624948537847926,0.6589917680991394,0.01845614090934691,-3.1928829917221746,0.26843126893804603,0.9206156221768883,75.2423235959553,62
SN2021aanc,0.006364266066364162,0.06159575143883935,0.16499420337420473,0.2077284048510857,-0.1975999753599531,0.14838489221951326,0.15591681927758017,0.04941915311794985,3.941941061590889,0.509595528206492,-4.499394619682359,0.8939503773015518,0.829496560489969,8.76495398660149,13
SN2021aazx,14.037966303522035,17364.34076583378,-67.61606864413578,83878.48797545367,-2022.7799159699796,5081483.898420678,-2104.720833576311,5182777.706791282,0.11588088668536067,71.45410843538598,4.4325174812670705,172.56336522522454,0.7451805133344773,14.759943836987528,19
SN2021abbl,0.03485486412660493,0.013387707342684125,0.001682290613027726,0.08053668495382528,-0.053126260107583013,0.10338050112643933,0.1108909715984069,0.04642049010205282,2.4110019846415756,0.2444293638851241,-3.5223566022805266,0.8067894124149255,0.893764499435054,19.325537865635233,24
SN2021abgd,-0.02525333794092531,0.05932207474493667,0.27657102749602164,0.3396820287283829,-0.2956703290808838,0.26905262391175566,0.11343744820966159,0.21183341030127478,1.1865187448033985,1.0818391469068007,1.3778367521138581,3.088632365073634,0.5846578455292561,38.52292480601798,27
SN2021abko,25.600457682467546,42673.58633343633,-84.82766477414428,141470.74132527012,-1254.9494214393483,4286519.670041473,1326.1980957739258,4403769.946739903,0.19709296767444717,163.97517804067465,1.2440954360469512,271.80701888987676,0.09518505057103233,7.9267600756503835,13
SN2021abzi,-0.007260557576339254,0.0038325430975540216,0.28823608344915663,0.053996437858631306,-0.4310633597259258,0.13974439348804085,-0.1294322112012341,0.07318909243154387,0.8746152861874693,0.14925359937788654,-3.0729000693687842,0.856426343440739,0.9219468684053079,35.56787287198872,40
SN2021abzn,0.03286949543487686,0.007204758646603298,-0.01995494552522073,0.09759004156298501,0.6056129731311264,0.24185257375474745,-0.8340843513868466,0.11510647812518236,1.1530852208416502,0.03674607742321924,-6.110157603251092,0.236216369169113,0.869266793351654,82.02342570512181,46
SN2021acal,0.15404391613828253,0.09018885433100146,-0.2575353982737934,0.25786256489516024,0.12442636473970443,0.15591048808155514,-0.10837777285512781,0.05638522391009998,4.6138145431077575,0.8746614258717078,-4.150773467418296,1.2869909790017415,0.9024853319284881,1.7252367799984958,11
SN2021acvk,-0.0024101073832497972,0.003096563549936196,0.11082366713247102,0.07839335731427964,0.33876389718940647,0.3976073778431242,0.19007754693913598,0.09770658632051815,0.41135337015205187,0.13850023631011082,-0.4466148350201629,1.7226059036888604,0.7590648838273115,54.55859434851244,67
SN2021adad,-0.0068366312871166865,0.19437228278650842,0.1632828883732362,0.5764909919877536,0.1497076140653911,0.33679160621202303,0.14910027779145654,0.07734707944310655,3.6406839077060633,1.2989440021277323,-0.5593332138524991,1.8716478492070747,0.810153902285467,3.799487256560257,12
SN2021adrh,0.002559665011070556,0.005578313814041154,0.12317984238193071,0.13546948375033485,0.1348563272094517,0.6430804110883199,-0.26048199814734324,0.23894337755360556,0.40659211217453134,0.2078992766659521,0.06678098221716809,1.9795884065062614,0.9538308472585294,45.75852716242215,57
SN2021adsh,0.057746178322368086,0.3886789998472,-0.0037830243814236343,1.2637446422736172,-0.17009693428223532,0.7833212261482602,0.09933650458837007,0.21299803297360262,3.0120147167987366,3.681934401691562,-3.3058773982409475,6.059065820566527,0.8009422548042415,3.1377660411627537,13
SN2021adsn,89.87143244899278,18000.39714579907,-254.1502716881399,50992.82191490668,-4052.7682192758048,1645113.8043683004,4232.8476579491335,1681227.7741192027,0.20723919876383468,20.63919785158767,1.2772936950356735,29.22292705750513,0.8407427173992605,24.160283508369464,13
SN2021adu,-0.4727155153451817,15.21100651654399,0.002644909704977329,8.483589647000011,3.7478766902682428,178.97172253335523,-3.4138074555372584,175.77007560813695,0.6899795506430172,10.894464313985063,1.3498139422314186,10.05673102801459,0.727411037400603,3.5713204768548037,13
SN2021aebn,321.34660478984256,564121.5223765149,-1090.5901364884837,1916048.2485182418,-7732.647233356441,28625593.77500627,-8661.52685343128,30252565.81398461,0.2733956835932892,239.26081974264727,4.248116939255353,406.278882552918,0.717813603299732,2.8373185567078485,9
SN2021aesq,0.007110721435442411,0.008175026085542835,0.7174920875257594,0.21208509851865648,0.7914150779997148,0.971711625838555,-1.6283601935072483,0.43213783359574026,0.38288455280487,0.052532888844311114,0.3975134876476418,0.465450422488967,0.9950270578852788,152.50608637034415,55
SN2021afur,-0.03656521842471075,0.01253695030943859,0.5103476829739081,0.17381603665127188,0.35259622303191823,0.5348012691822067,0.20972129747877521,0.062298608036866196,1.0490172605939492,0.19348476794948022,-2.7290483117711415,1.4045559825031206,0.7432407343477421,26.01364538822672,38
SN2021aggu,-0.013835604959725968,0.0076186316492210075,0.8408218100891928,0.19817832530342494,0.30003773176293497,0.960000408239747,-1.3432924229630916,0.36164713613238775,0.3720581565549911,0.04984960775073951,0.1897420770228962,0.5035894379752124,0.9934747410930168,94.65816420652172,56
SN2021agps,-2.3456242886807845,523.8429221447897,17.13679882028418,3741.2754821846925,4149.755932679081,1851828.7809015987,-4180.416589810688,1858508.5653325561,0.033661272362216915,3.7597893844657464,1.4500914622215626,13.590919880760444,0.9864442891144989,35.492409612185895,49
SN2021agqe,-0.023365587321056036,0.004453419263462811,0.5293086377563953,0.07374035012596064,-0.48357684123232886,0.23027463628108713,-0.2850369842164196,0.09776637486926797,0.7570761699465864,0.08929977367934878,-1.8413655325881202,0.7234968111892011,0.922192935790073,18.714172191617887,47
SN2021agrt,0.903905964205908,3.099775670951843,-2.37306073639052,9.421216487661926,0.7732865919093497,1.0608356626245037,1.3828030572899799,6.2067109655799255,1.5276282774563632,2.138427051079224,-0.7368636650384071,3.201642064098043,0.7783852306479099,26.3060726426925,14
SN2021ahmz,-0.0003629572237550856,0.006132006084174272,0.47750935642787923,0.1614986928020532,0.7789303942219701,0.7528197826528923,-1.130660333914396,0.32074120294979264,0.36196609859510265,0.05343738931233007,0.3962896128206364,0.5166043773199347,0.9969496204533272,53.71393297530476,56
SN2021bnf,0.0010047636439999134,0.000991971789360687,0.03471289293052062,0.020562530769099824,0.2839575582500617,0.08565744753572571,0.2650996848760694,0.03269726145929305,0.5734438915447695,0.027696199208116914,-1.7907616673722957,0.31065635941037295,0.6843922183732191,141.7420933861947,76
SN2021bpn,0.01121418600077843,0.007444489538640284,0.04299830508591506,0.10044228322610953,-0.23933260820863508,0.2797718047684565,-0.1714870887178407,0.060049714276419065,0.854593848244056,0.16582783218415018,-4.314880351366318,1.1641786221672157,0.8847935392170879,21.87485004545479,42
SN2021bpo,-5.9196278587332525e-05,0.0023735720207303896,0.2397134362159484,0.029083280827448453,-0.41284853893877466,0.07399432407718358,-0.20544949880694616,0.03683125850539813,0.7303350571930756,0.07684175595050496,-2.2736567736148876,0.5061106131195957,0.959676760483927,54.44220447393234,50
SN2021bsp,-0.0482536516620056,0.02146076649268677,0.8511818499910424,0.22217589602932233,-1.227946259780262,0.3038684734864395,-0.8136454640858313,0.26056242107812766,0.6399038640867252,0.08977020376103115,-1.7104753121147793,0.4416528958865271,0.9660267914073469,86.8567371117977,42
SN2021bzm,0.004737132795678603,0.0038526219609919922,0.11588043412334756,0.04737893740022822,-0.27283828544676303,0.12987042950364344,-0.3128050081599678,0.05860954696276907,1.0732533911947126,0.05219140893996131,-3.4951218897520087,0.3300636621851047,0.5375073696610875,182.95366656295144,41
SN2021ddh,0.02470994026682395,0.16885790765504716,0.21863664504676322,0.4346925851519601,-0.15106290413983528,0.23946782881582002,0.08573652157629116,0.07924170497794414,5.362966001710343,3.06863309141934,-5.011958333513461,3.288099929944903,0.9183527762712221,1.432968417118663,9
SN2021dgc,0.3975876473756896,0.2376631842341932,-0.3357188245563298,0.4857214498199522,0.0036040543101381593,0.20360974253562808,0.29152361515182174,0.09618620268600882,8.002603927092144,0.5055349690718475,-3.3260606157404418,0.5706017030036844,0.9055676716617507,3.1346646598065036,8
SN2021dqa,-0.4050534871252085,101.08544155776663,2.5730882513160345,594.4804311888723,205.64896794866917,102923.11041843459,-209.40672766842235,103796.90245260797,0.0628744284672911,7.920215660385659,1.383523805555308,24.189157168939683,0.8961047236556778,60.0814980934725,33
SN2021dsb,-0.06641681246300148,0.0070543373750483925,2.181344796341174,0.11137707244114584,-4.372842252759115,0.4171802670011995,0.14701924084374976,0.044437044131661774,1.473811017048811,0.15984773732641316,-5.23570648567081,1.3037607106365068,0.9948174189378863,35.9556056959073,31
SN2021egg,0.0003932181964918457,0.007199300795781993,0.2754367252967439,0.07287857353608126,-0.24631993089805176,0.1653183823293521,0.11407293196481583,0.036474358745789734,1.6135928659069436,0.179759429326226,-2.4493830499954417,0.9229333467663549,0.9313266170353144,42.18562455714694,30
SN2021ftu,-0.37520244285425924,227.41560529448793,4.151768693608526,2464.1558252003047,989.3753449744529,1208873.642629181,-1000.5122305104688,1215548.6273338231,0.027405855296053598,8.356330101257246,1.4221184519313097,45.481145570458644,0.8216033949132588,55.06541099542974,65
SN2021gkb,8.259264704479259,4814.217410530634,-52.39674641884128,30810.77520941174,-4170.3200909952175,4838739.83985209,4256.264781780523,4888036.70040926,0.0628095002132002,18.054650584909812,1.3698457199533063,57.73405988988532,0.9724334577257256,17.14861880814691,19
SN2021gwn,-0.03348455189591645,0.31786043606974357,0.45989838348653905,1.8349526140822652,2.2614281619873866,58.93094592841793,-2.862647880331765,61.17369974307404,0.15843777827952352,0.9962402962392904,0.9947927961737121,4.917589219250486,0.886074145547952,45.90321620433474,58
SN2021hfq,-0.7496792694636627,59.7287061809086,10.902668304853824,861.8486544295486,159.05062376214244,27976.64117123202,-197.8726768852818,31085.589581454355,0.08804362252438229,3.492631040159507,0.9355431874523102,25.20368994079248,0.47340022067961807,236.3779233677465,51
SN2021hup,23.009386606365734,7707.347623391926,-75.36117339023667,25270.93125705074,-445.1576744534325,314586.09972550994,-507.20299286916395,335300.6908088622,0.30382292241555553,50.56878503472772,4.214238179384199,82.93403144427059,0.2907307683496565,11.562803814596432,12
SN2021hvu,65.20981433801045,49535.61931543103,-204.91042329169386,155686.50273303935,-3103.6303337376303,4815411.39494498,3264.798001428986,4937738.90424337,0.20050056933137358,75.94719343567883,1.255708506084967,119.35871319166533,0.21626602558595498,6.589568752055331,12
SN2021iff,0.029536771262356886,0.041689321460506176,-0.15652447061955443,1.6787713499782537,7.520693992404993,7.40933388605055,-7.919464976636602,8.80651361798465,0.19205790182363353,0.07680964790809015,1.7617924453483729,0.8846649404675494,0.9981534876565417,167.5347601760663,56
SN2021ipf,-0.02558631695965237,0.002050860137051563,0.5647808981027561,0.03341293057659703,-0.39398494449025595,0.09642049628638466,-0.5599277678434986,0.05254270088999646,0.7661520291865345,0.021179440721210065,-2.1248745826279336,0.1560995453446835,0.7243206597334564,318.91540155329426,48
SN2021jbp,3.1069260628424433,1681.1637787983154,-14.532360256204942,7914.461712242738,-1054.8607636469808,1142290.2120398527,1072.6766122811928,1151604.8996623307,0.07654366593435456,20.64330535671645,1.390464822332321,48.76651003571422,0.5468527916795611,44.08452616800769,29
SN2021jvi,-2.458949994590544,1393.0945525768032,10.776934299184171,5937.568102447513,1120.068431038168,1270990.619172333,-1131.1641957393895,1277317.1069478062,0.0662175434426036,18.7882124207209,1.4292009325169168,40.448110672394435,0.913321793453661,28.59538476299347,32
SN2021lsr,-0.012112084444615416,0.001116958919414955,0.6225265935281815,0.025643810947273128,-0.7861327293884945,0.10814647615439184,0.7364571932628436,0.04840930368752376,0.7106455170267318,0.009688453577233988,-6.4478194686934645,0.1111558782098079,0.8070973981014978,1443.2531709798232,78
SN2021rgm,-0.08462120336021915,0.0031903606873213307,1.9394343354949088,0.044321405746984996,1.9667490531373575,0.12495055210638942,0.8906837694421567,0.048648161971364255,0.7208539921489264,0.020324732156662667,-2.912191274406994,0.15435106251580888,0.9629659648782677,430.01527369948974,57
SN2021sfh,-0.007935041528955427,0.0033981715107366606,0.607808583576478,0.10095432676408332,0.60850194309089,0.6251521603574668,-1.0530431833247473,0.18527430459048816,0.34839550384559653,0.04211519354908291,-0.45964353072163217,0.5191953414721978,0.9537122079493063,206.8258955124195,85
SN2021soe,-1.5751947159279005,310.7886841479449,39.05564904584816,7623.934792868637,3360.89519439438,1441200.7168782444,3583.1677024411047,1487956.2461754533,0.02897054717655946,3.0213055745771413,4.3574499207944175,36.93363509739048,0.9699605858850358,1367.0443921352003,64
SN2021ssv,0.009674028040599218,0.0017387892602917718,0.000431497327431622,0.03628836084530532,0.7688767478717122,0.1539088727399684,0.45443177527450535,0.03891049661228308,0.5200258620949387,0.027209750622515776,-0.9759477530894833,0.30514937458158764,0.9264238356094003,294.8287561525849,73
SN2021sxf,-0.2991621897164624,249.3753109036798,6.933972196236738,5845.434692373491,386.9243031986951,713359.3947359589,425.3062918295199,747613.990021386,0.03667000341009142,16.220327642668924,4.283751939222979,188.93704525021033,0.6439588873915709,176.78059672996744,52
SN2021ucq,-0.005223764350948093,0.0017166771792456197,0.3304534983734009,0.025848382360007,-0.8603495735221274,0.06946510498557208,-0.3788802099274825,0.03655615257786302,0.5098569971758632,0.03271672455194386,-2.021604028560392,0.25485905869017067,0.9770705835916045,115.13202686480415,69
SN2021udg,0.014291896497410164,0.025862883413257386,1.1660230349859135,0.6793763697594346,4.133741010970707,2.8815938599311033,-5.069366842191155,1.5869931000829771,0.3024718961812961,0.03573429404366126,0.9344754681976772,0.40414615167036383,0.9971985448639699,227.0531774119509,64
SN2021wyw,-0.5775089365991467,208.4607858677562,-5.856116880629752,2307.6758422764315,810.3363459722493,562990.7461011715,-824.3135815249658,569206.889012197,0.039464445611326775,7.186127379220175,1.754791358025292,22.48389332994138,0.989951926850161,23.237250117242194,30
SN2021xan,-0.02208241244383486,0.015519174441004513,0.32075477111625894,0.0738682381339981,1.3057813022837006,0.7694234180563333,-1.4327996298523387,0.8505775168313838,1.141030218785414,0.13692213772955997,0.7956187521107763,0.17435941734677377,0.5831606852752345,13.218026805578365,11
SN2021xbm,-1.4352516262954444,222.79719996416026,18.113788229629158,2769.919151029867,1206.8561950985325,380179.79069022235,-1262.835945834409,388788.9670928711,0.04795909626477447,3.7115146096872804,1.2726947367341193,23.066092865119906,0.8795814308397935,80.42244813144758,44
SN2021xhj,0.003401687002037573,0.0006373266266681279,-0.002924880884951491,0.01905059818871469,0.3719077954994552,0.12422339646759767,0.2337208178748133,0.032117378667575774,0.4552826229894874,0.02331585644244944,-2.581305223676036,0.33708718094768303,0.9176132238718314,92.13348011953963,78
SN2021xjl,-0.014345503835769803,0.007272822017098857,0.242999547805439,0.09761613831320837,0.31322768232408155,0.14056287499055653,0.24766648988241008,0.11304598148872416,0.7229486682626961,0.09766969327202098,-2.9329712633009004,0.7499070612957736,0.8059339402592703,25.278739549953343,35
SN2021xoh,-0.015512676337000885,0.005732701436788088,0.3407190580251886,0.07397008019443878,-0.5800910327154106,0.15252237300796925,-0.31404336676278116,0.09349639068262133,0.7810684177469683,0.08637174791927611,-2.2151467972315633,0.39385683095124346,0.8115086651465209,56.4074793657646,35
SN2021xxn,1.4950642291690306,568.8206041722997,-38.080868478922625,14619.055795935265,-2272.1005033919155,1810043.0274396013,-2518.459321627152,1903972.8081291113,0.03460825579111764,6.572339426294665,4.2677723614586105,84.39309756079201,0.8492772308436376,116.3855508675726,55
SN2021xzf,-0.008334538871463959,0.003140616238673498,0.2940836123853005,0.05724437364895458,-0.47282396389528714,0.22878324840544834,0.1954227118180311,0.03740460041950994,-0.8362670007195862,0.09523160709773439,8.986871888648695,0.8093978077794949,0.8654672978988952,86.28448958560439,45
SN2021ycy,-0.0010081526583371988,0.0026109268371410344,0.11911785481598745,0.04383402851113289,0.17383689787775447,0.13149288161440864,0.20006292186049504,0.09108325689431121,0.594890668193617,0.059057698338329065,-3.026161455879609,0.7971406936793696,0.9715410409706488,19.368511495827413,40
SN2021ydb,0.0016052289620373833,0.0016013950264803056,0.04744504303169413,0.04038670664581236,-0.006479050233753256,0.2294391611404361,0.06607556890845039,0.04157532661487808,0.7824260483250748,0.21469226054398746,2.296387076117137,3.417932704925687,0.8814620574659263,84.91234031450958,51
SN2021yly,-34.51030549437678,9625.670481047626,158.71666924276388,44197.272907074475,4283.028736549034,2426157.3886100934,-4465.218317699406,2476891.4610219277,0.12480801531898021,17.344052995870136,1.2842634228720864,39.81785232558828,0.600693290145784,120.34126674626394,20
SN2021zny,5.842365939500763,0.330532148939753,-188.2355158748347,5.363181918717316,-24477.54792207321,0.13908933703711468,26015.30737370974,0.11518530843131262,0.021355308054185645,0.0005953799890910745,1.2252851614040214,1.6935858721397653e-05,0.9986664135413649,302.41836128256296,68
SN2021zoj,-1.8994249677629744,489.9505046823653,6.535745321295367,1514.172461226851,1003.6181316456924,509094.80753319827,-1008.4507904373365,510260.69984018005,0.06253173891668985,8.050693156535546,1.4691283229901055,14.395495562557029,0.9704790738242154,50.66976025190649,38
SN2021zqs,-0.00272248981606632,0.01838458920997975,0.17307814079602785,0.11190970591856479,-0.08578330204362176,0.1434539047103865,0.2385190473748523,0.06005234581802806,2.198839372713194,0.18932195995375847,-5.313986860185608,0.6193199118249972,0.6257582963396943,36.266656824552044,25
SN2022D,-0.013410733477735927,0.02620199100250493,1.375038692285357,0.5873607061897375,0.01714138199980989,2.3690401416647227,-1.7486942837671815,0.9391165736853244,0.40146324178811066,0.10340549300416754,0.3582198821102882,1.034516685256306,0.9912580988277548,58.63407085637476,56
SN2022E,1.64113359923609,580.5931460241409,-36.127889930815286,12854.3996257665,-3420.758370895246,2464308.2792998995,-3622.7478230467013,2535457.7412808123,0.030319447378079338,5.324092898580089,4.376994583814613,58.810032869633076,0.969802145360219,56.106436137276624,51
SN2022F,91.8147914044464,83184.42882858592,-221.53669799360483,200821.007056355,-2269.456772463658,4209471.859224724,2403.1055693078697,4330675.580246548,0.27753161474198174,125.36269854261695,1.2358080144956758,151.30259431055813,0.48282273058622616,5.344926281396982,10
SN2022R,-0.22821272142375754,0.9529340998307091,0.3514327352633706,2.6076209375424666,0.11222370596365064,1.4538754573560604,0.8131649250825951,0.3099376888578427,4.096363948425046,1.1441533838547526,-1.037890820380813,1.56059207177574,0.7364272606410973,2.6700013838927483,10
SN2022afw,-0.19387450165359058,0.1553352052944901,-0.011637102547999649,0.3853725122623165,0.4461385019464821,0.20233654858826047,0.5684145037020745,0.09383887803913654,4.508070797232509,0.2956963635839453,-2.8783959770389,0.376542572137917,0.7671109303113988,15.600748513867153,10
SN2022afx,-0.5641467090942606,396.4441248426077,4.827650991320617,3321.3160800197197,1024.6587324841273,1436339.368297411,-1034.6580368405628,1443295.5716149241,0.033221854748138754,11.638844313907537,1.4313130340795894,49.07940691803934,0.9076836379602279,33.14029947591467,46
SN2022ahj,-0.02956501301240895,0.04206612473295543,0.6620904227447723,0.6989003728969424,-1.8638348718027165,2.640685201626288,0.3816471982382311,0.23445679923561097,0.9498765111236714,0.2839786172809348,-3.159002604982833,2.345006151243681,0.4837347075014319,243.5477990281427,38
SN2022bmc,0.001324668712355534,0.0030413068171012904,0.09040886694394004,0.04223394751065168,-0.07787767964548593,0.11516934282100502,0.0908918006257223,0.039424693443432524,0.7966489958445407,0.23134292133002252,-1.2052041265156428,1.9529029096485875,0.7084389986855844,49.76255689278542,42
SN2022bnf,0.03460725575449123,0.08326141371968927,0.17072211939783807,0.23214595534497326,-0.041124022138026864,0.13695797860934714,-0.11190612804864127,0.05402077456957375,4.314982986944366,0.7894761686627575,-3.5209689546300402,1.1255612950620033,0.9274932549923296,2.480238342971683,11
SN2022cox,-0.011445663495537162,0.005281753588939978,0.2928753418632624,0.08759121087680209,-0.28558905567585685,0.34339155612681926,0.0832032037962807,0.03841849724657301,1.5604568136181256,0.19106220864357007,-6.861500957893712,1.647043312888457,0.8118438270178528,25.3759593954132,35
SN2022dag,-0.004763655052296557,0.09999115396738063,0.1317151848319651,0.2280270437104518,-0.09237936002541461,0.1100397871879175,0.1444882711468993,0.053772963551248346,5.697779442839383,0.5396275223107495,-2.8206715317871667,0.7086409606928546,0.902705225012033,1.9321410288421363,9
SN2022dcf,-6.248934014038974,1002.5560069821017,102.1180490760183,16385.079818430495,3895.1768251703784,1300986.6901552607,4311.88842484851,1367933.2580257023,0.05422602488491425,4.313786348634207,4.269139225773169,35.282550372026705,0.7243085380377525,68.12717615378055,38
SN2022dma,0.05263151714730492,0.09268792966112106,0.2743135659168272,0.2711699579691782,-0.72507940193431,0.1727947133960878,0.15940446900798114,0.06754484822142633,5.354590683154697,0.5946114985445762,-2.4839209251868994,0.9917522376303987,0.8752948458402282,7.7730191854550545,11
SN2022dme,-18.549344331166196,3002.6668985596266,175.6509891460458,28395.43176290473,15029.7966411269,4919643.52742741,15444.837579717921,4986775.553640437,0.04910152308417632,3.9675821252710692,4.480212911266315,18.76181018147608,0.9451335294582328,66.90679197769856,36
SN2022eat,2.9579064627848433,210.4573829343778,-62.237562463903515,4480.894589917962,-2558.6442588778614,375178.9164662396,-2899.6051178054636,399029.6958806786,0.04604823045953506,1.59237271885489,4.222258976281773,16.943319012686942,0.99875932855117,89.72906494254474,36
SN2022een,-0.04232899898745647,0.11415087693118484,0.41511264842710643,0.30482492288517726,-0.0021957610148983157,0.1744438771822754,0.1518253516936854,0.0720224218388181,4.9799216884005535,0.69263215907495,-3.965014232209289,0.9881037843554974,0.9822859948776584,0.6823648038833953,11
SN2022ej,0.1279099058776567,0.43418845316412574,-0.17412894521957192,1.608709606653512,0.05417397429896216,1.1636877996829946,-0.11921146106221432,0.40553861836433336,2.817410971049966,5.5503516513997475,-0.11222264693022362,7.760770033236888,0.6396699229668269,6.426927724034722,10
SN2022emj,-15.835853743821696,14264.300120260115,81.58386705987695,73368.18467146167,2210.5829925470607,4069361.7405945943,2315.1607121609863,4163703.753313229,0.11718467355804965,52.81420209601327,4.411057096781962,135.74172008059531,0.8348978068652638,7.028388232037376,17
SN2022eoa,1.6538146229027895,727.8064326645158,-6.4787979236686795,2971.4980979662,-388.33470485756465,339144.080537473,395.2758909008594,342176.94194697466,0.09256156432872288,20.184488943106917,1.3810730792203774,41.69429867328115,0.9445290284999271,14.000804574869761,29
SN2022ery,-0.006849114342594757,0.014852004028173955,0.2446230432812951,0.1746260086451187,-0.3330523928393913,0.34559408319921747,0.14754803149277285,0.1799014523338681,0.6690031109469374,0.43791828716490866,0.8412468740660699,2.0434182689898632,0.9548360308442504,35.339558540809335,31
SN2022exc,0.07672971402267492,0.004358666919479292,1.3674945518435409,0.08887073289928421,0.05668174057893507,0.37155516924324383,-1.9382262873388296,0.10623085607623806,0.5100658194313747,0.020489520221822405,-0.37155493987888455,0.1542671202129347,0.9990590875119922,116.24397179284195,45
SN2022eyw,-0.8724633761468015,20.222879064093593,5.893115661423749,88.67090582410724,-0.5637239320875911,34.47681603418027,5.41064959606598,131.60869232559304,0.808437194823233,5.276681916644916,2.938466617181861,11.600051612203073,0.9921506953991841,29.876449353974593,17
SN2022fhw,0.10875118473953625,0.06764517022027602,0.3118263542235527,0.28911687833952554,-0.4803450276869662,0.2610469606834817,0.20470879880685794,0.06015603460623078,2.594070204803859,0.5988584619471161,-1.050577771149631,1.187864836350201,0.957609807016025,21.10933807716556,14
SN2022fou,0.4698262200839504,6.250676515208056,-15.362220702254271,207.87926777885627,-345.5834942637001,10394.422446961544,-476.46314338378284,12122.642093544013,0.046046767253329006,0.30106762705152296,3.9546409339052295,4.855445592222712,0.9752355467791629,295.06791392532125,60
SN2022fud,-0.13505310179188998,0.052527351397091616,1.1336412440184653,0.3645940556529924,0.5244335625908474,0.5048833581377655,0.30614522216644097,0.12152609137270953,1.5213541410798492,0.4048790278625877,-0.6145130790999633,1.34822802546985,0.9805523700447407,4.3252507702952965,23
SN2022fw,-0.05028826563331058,0.09225960495706662,1.160431257077172,0.8230481435573596,-0.7716109221786372,2.9641510290773985,1.1569203817246292,1.7724348299479042,0.6506368351839801,0.4316201387503131,1.7590435439694905,2.614048632088472,0.96892720636329,47.45962888681781,33
SN2022gcf,-6.571653947669617,0.997065055389187,119.27927261103555,13.721705461913123,8037.590034967483,23.33218238222735,8577.722581920883,22.49971430592182,0.039363466225003245,0.00295703988249278,4.355549036335277,0.014766656973802734,0.8906984657662259,37.41730941406103,36
SN2022gtw,-0.016704185321481282,0.07302205033359269,0.41629381323337755,0.6668976366648895,-0.37655164714795797,0.9674040102766807,0.123991081828815,0.4228067198667047,1.379986431307278,2.4150748145836016,0.24879053305965132,6.056631527997618,0.9830270020463197,8.57052829668185,18
SN2022gyi,-0.004449578104426854,0.004805289716147301,0.3114123640328596,0.07370711233808262,-0.8838177147563445,0.2595513528786222,-0.13571389644263834,0.044251359275674536,1.595242352898903,0.3050518190560577,-5.792094316088629,1.752447065251347,0.9705428881237895,14.635882374204813,23
SN2022hox,-2.147682061748248,625.460547932973,6.879446891509066,1910.7539966924185,222.77862591341295,120542.98616526485,226.41376323174958,121939.69383760351,0.14846693491171045,21.247420680131235,4.441795693184266,49.613459443679034,0.9083819629730145,30.572871973967963,19
SN2022ied,0.046006559206127846,0.05184363373187886,-0.10123545760748597,0.20766725441242606,0.12132396291317729,0.19223267946731518,0.07368235081898913,0.03629408548458323,3.88240587792356,0.9555059472546487,-4.912174804931008,1.945147303060193,0.7450176360995244,5.85508539688509,11
SN2022ies,-0.03935971757384207,0.02093105743537547,0.45794616190195253,0.10330474068319832,-0.19441655360980611,0.1110033597808978,0.04443304089731227,0.04909371325331622,2.8472022318048467,0.7649482865591017,-3.392755113283564,2.153380870477066,0.9294468754238212,10.293534118297782,19
SN2022igq,21.049310082262775,40653.4792310928,-32.30087407219942,63006.743415975165,-163.14703638636772,633744.9364881536,175.87718119880273,658157.5854038313,0.4980871589220631,467.90698481969395,1.1848810977736377,362.4104128734151,0.9568719642944437,0.6123175338229507,7
SN2022ihd,-0.00904504063186595,0.0389282023551905,0.27443938706291193,0.14140810040422397,-0.20823956375760871,0.11553860661734995,0.06851970093590312,0.04705961304538586,3.0822527927446073,0.9599921180654464,0.7582914986817967,1.8517049219742994,0.9100482625413848,4.837519875128912,14
SN2022ina,-0.006531921248683953,0.006677490343097991,0.2787105800236164,0.058628222892296064,0.5568150069152473,0.11065377044926321,0.2966858693901339,0.040503526352696,1.4392802910271418,0.07005990269838869,-2.240124554427135,0.352536116310983,0.8743451020084803,74.4799972177479,33
SN2022mo,-0.39250847255523186,0.019992507347195827,-14.159773748630101,0.44372702001552083,886.9365939341794,0.024024356041165356,988.5035464108425,0.02595493777244986,0.032235005570686176,0.0009211539277636841,-1.11280896843527,0.0001600320465514865,0.9661873149994202,69.87902910266939,59
SN2022re,2.130950223110948,151.1204603659937,-53.450034141414626,3824.954350137375,-4088.4780749157558,597861.662019479,-4429.938687581613,622064.6636661314,0.031239539619106613,1.1015343455268507,4.317277770941807,13.914377287203088,0.9975355641426057,58.92866575138882,59
