BJD,t,CRate,e_CRate,Frac,e_Frac,Tmag,e_Tmag,CalOff
1900.86893,-7.51107,-5.9793,5.3402,-0.1995,0.1782,21.0491,,
1900.88977,-7.49023,4.7234,5.2979,0.1576,0.1767,19.9472,1.2178,
1900.91060,-7.46940,-8.6499,5.4126,-0.2886,0.1806,21.0491,,
1900.93143,-7.44857,-0.4529,5.2696,-0.0151,0.1758,21.0491,,
1900.95227,-7.42773,7.2214,5.2636,0.2409,0.1756,19.4863,0.7914,
1900.97310,-7.40690,1.9515,5.2889,0.0651,0.1764,20.9069,2.9425,
1900.99393,-7.38607,3.9514,5.3073,0.1318,0.1771,20.1409,1.4583,
1901.01477,-7.36523,-6.5066,5.1870,-0.2171,0.1730,21.0491,,
1901.03560,-7.34440,-3.8918,5.2446,-0.1298,0.1750,21.0491,,
1901.05643,-7.32357,8.8661,5.3178,0.2958,0.1774,19.2635,0.6512,
1901.07726,-7.30274,-2.4707,5.1233,-0.0824,0.1709,21.0491,,
1901.09810,-7.28190,-0.6349,5.0818,-0.0212,0.1695,21.0491,,
1901.11893,-7.26107,-3.0972,5.0711,-0.1033,0.1692,21.0491,,
1901.13976,-7.24024,23.4792,5.1838,0.7833,0.1729,18.2061,0.2397,
1901.16060,-7.21940,0.4176,5.1885,0.0139,0.1731,21.0491,,
1901.18143,-7.19857,4.3102,5.0072,0.1438,0.1671,20.0466,1.2613,
1901.20226,-7.17774,10.4601,4.9726,0.3490,0.1659,19.0840,0.5161,
1901.22310,-7.15690,7.7848,4.9268,0.2597,0.1644,19.4047,0.6871,
1901.24393,-7.13607,5.4033,5.0069,0.1803,0.1670,19.8012,1.0061,
1901.26476,-7.11524,0.1091,5.0570,0.0036,0.1687,21.0491,,
1901.28560,-7.09440,-7.2265,5.0255,-0.2411,0.1677,21.0491,,
1901.30643,-7.07357,-2.5007,5.0013,-0.0834,0.1669,21.0491,,
1901.32726,-7.05274,2.5113,4.9983,0.0838,0.1668,20.6331,2.1610,
1901.34810,-7.03190,-4.1044,4.9665,-0.1369,0.1657,21.0491,,
1901.36893,-7.01107,7.9867,4.9513,0.2665,0.1652,19.3769,0.6731,
1901.38976,-6.99024,-1.2692,4.9260,-0.0423,0.1643,21.0491,,
1901.41060,-6.96940,6.0089,4.8899,0.2005,0.1631,19.6858,0.8835,
1901.43143,-6.94857,-6.7541,4.8271,-0.2253,0.1610,21.0491,,
1901.45226,-6.92774,-1.3190,4.8145,-0.0440,0.1606,21.0491,,
1901.47310,-6.90690,-5.9848,4.7894,-0.1997,0.1598,21.0491,,
1901.49393,-6.88607,1.7651,4.7987,0.0589,0.1601,21.0159,2.9518,
1901.51476,-6.86524,7.6774,4.9050,0.2561,0.1636,19.4198,0.6937,
1901.53560,-6.84440,13.1570,4.7972,0.4389,0.1600,18.8349,0.3959,
1901.55643,-6.82357,2.9839,4.7939,0.0995,0.1599,20.4459,1.7443,
1901.57726,-6.80274,-6.3257,4.6978,-0.2110,0.1567,21.0491,,
1901.59810,-6.78190,-5.0261,4.7351,-0.1677,0.1580,21.0491,,
1901.61893,-6.76107,0.5434,4.7453,0.0181,0.1583,21.0491,,
1901.63976,-6.74024,8.7052,4.7401,0.2904,0.1581,19.2834,0.5912,
1901.66060,-6.71940,1.7917,4.6785,0.0598,0.1561,20.9996,2.8351,
1901.68143,-6.69857,-11.7194,4.6185,-0.3910,0.1541,21.0491,,
1901.70226,-6.67774,-6.5555,4.6732,-0.2187,0.1559,21.0491,,
1901.72310,-6.65690,-4.4322,4.6766,-0.1479,0.1560,21.0491,,
1901.74393,-6.63607,4.7978,4.6717,0.1601,0.1559,19.9302,1.0572,
1901.76476,-6.61524,-3.5833,4.7546,-0.1195,0.1586,21.0491,,
1901.78560,-6.59440,-2.5122,4.7076,-0.0838,0.1571,21.0491,,
1901.80643,-6.57357,1.6914,4.6867,0.0564,0.1564,21.0491,,
1901.82726,-6.55274,-1.1155,4.6757,-0.0372,0.1560,21.0491,,
1901.84810,-6.53190,-3.8783,4.6572,-0.1294,0.1554,21.0491,,
1901.86893,-6.51107,1.9306,4.6201,0.0644,0.1541,20.9186,2.5983,
1901.88976,-6.49024,1.4998,4.6219,0.0500,0.1542,21.0491,,
1901.91060,-6.46940,4.1438,4.6012,0.1382,0.1535,20.0893,1.2056,
1901.93143,-6.44857,6.1161,4.5598,0.2040,0.1521,19.6666,0.8095,
1901.95226,-6.42774,-8.5739,4.5044,-0.2860,0.1503,21.0491,,
1901.97310,-6.40690,2.0208,4.4731,0.0674,0.1492,20.8690,2.4033,
1901.99393,-6.38607,-0.0787,4.4575,-0.0026,0.1487,21.0491,,
1902.01476,-6.36524,-8.0075,4.4886,-0.2671,0.1497,21.0491,,
1902.03560,-6.34440,8.2870,4.4374,0.2765,0.1480,19.3368,0.5814,
1902.05643,-6.32357,-1.0942,4.4046,-0.0365,0.1469,21.0491,,
1902.07726,-6.30274,-5.6140,4.4656,-0.1873,0.1490,21.0491,,
1902.09810,-6.28190,4.6009,4.4483,0.1535,0.1484,19.9757,1.0497,
1902.11893,-6.26107,4.0363,4.4090,0.1347,0.1471,20.1179,1.1860,
1902.13976,-6.24024,0.0512,4.3942,0.0017,0.1466,21.0491,,
1902.16060,-6.21940,-1.2680,4.4246,-0.0423,0.1476,21.0491,,
1902.18143,-6.19857,9.4648,4.3193,0.3158,0.1441,19.1925,0.4955,
1902.20226,-6.17774,4.3063,4.3107,0.1437,0.1438,20.0475,1.0868,
1902.22309,-6.15691,3.9926,4.2694,0.1332,0.1424,20.1297,1.1610,
1902.24393,-6.13607,1.7083,4.3283,0.0570,0.1444,21.0491,,
1902.26476,-6.11524,-1.2311,4.3147,-0.0411,0.1439,21.0491,,
1902.28559,-6.09441,-5.1290,4.3032,-0.1711,0.1436,21.0491,,
1902.30643,-6.07357,0.1251,4.3409,0.0042,0.1448,21.0491,,
1902.32726,-6.05274,-1.1246,4.3350,-0.0375,0.1446,21.0491,,
1902.34809,-6.03191,-9.0548,4.3135,-0.3021,0.1439,21.0491,,
1902.36893,-6.01107,-0.6659,4.2811,-0.0222,0.1428,21.0491,,
1902.38976,-5.99024,-3.7000,4.2609,-0.1234,0.1422,21.0491,,
1902.41059,-5.96941,-1.0927,4.2113,-0.0365,0.1405,21.0491,,
1902.43143,-5.94857,-0.7297,4.2348,-0.0243,0.1413,21.0491,,
1902.45226,-5.92774,0.4263,4.1663,0.0142,0.1390,21.0491,,
1902.47309,-5.90691,6.1294,4.2534,0.2045,0.1419,19.6643,0.7534,
1902.49393,-5.88607,-3.7502,4.2097,-0.1251,0.1404,21.0491,,
1902.51476,-5.86524,4.7722,4.2887,0.1592,0.1431,19.9360,0.9757,
1902.53559,-5.84441,2.8701,4.3059,0.0958,0.1437,20.4881,1.6289,
1902.55643,-5.82357,3.7849,4.2895,0.1263,0.1431,20.1877,1.2305,
1902.57726,-5.80274,9.5035,4.2167,0.3171,0.1407,19.1881,0.4817,
1902.59809,-5.78191,3.7834,4.2792,0.1262,0.1428,20.1881,1.2280,
1902.61893,-5.76107,-1.9886,4.2825,-0.0663,0.1429,21.0491,,
1902.63976,-5.74024,-1.3604,4.2791,-0.0454,0.1428,21.0491,,
1902.66059,-5.71941,6.4695,4.2515,0.2158,0.1418,19.6056,0.7135,
1902.68143,-5.69857,2.2023,4.2799,0.0735,0.1428,20.7756,2.1100,
1902.70226,-5.67774,-4.2600,4.2264,-0.1421,0.1410,21.0491,,
1902.72309,-5.65691,1.1148,4.2577,0.0372,0.1420,21.0491,,
1902.74393,-5.63607,0.5236,4.2486,0.0175,0.1417,21.0491,,
1902.76476,-5.61524,3.5175,4.2264,0.1174,0.1410,20.2672,1.3045,
1902.78559,-5.59441,1.8893,4.2476,0.0630,0.1417,20.9420,2.4409,
1902.80643,-5.57357,-1.0839,4.2764,-0.0362,0.1427,21.0491,,
1902.82726,-5.55274,-10.9369,4.3099,-0.3649,0.1438,21.0491,,
1902.84809,-5.53191,-3.2160,4.2572,-0.1073,0.1420,21.0491,,
1902.86893,-5.51107,-1.5895,4.2450,-0.0530,0.1416,21.0491,,
1902.88976,-5.49024,-0.5158,4.2092,-0.0172,0.1404,21.0491,,
1902.91059,-5.46941,-2.2199,4.1541,-0.0741,0.1386,21.0491,,
1902.93143,-5.44857,-2.8192,4.1624,-0.0941,0.1389,21.0491,,
1902.95226,-5.42774,-1.0616,4.1653,-0.0354,0.1390,21.0491,,
1902.97309,-5.40691,-1.0422,4.1460,-0.0348,0.1383,21.0491,,
1902.99393,-5.38607,4.3633,4.1861,0.1456,0.1397,20.0333,1.0416,
1903.01476,-5.36524,1.1571,4.2089,0.0386,0.1404,21.0491,,
1903.03559,-5.34441,6.0453,4.2427,0.2017,0.1415,19.6793,0.7620,
1903.05642,-5.32358,-0.6184,4.2477,-0.0206,0.1417,21.0491,,
1903.07726,-5.30274,2.4124,4.2213,0.0805,0.1408,20.6767,1.8998,
1903.09809,-5.28191,-6.3049,4.2155,-0.2103,0.1406,21.0491,,
1903.11892,-5.26108,1.0941,4.1843,0.0365,0.1396,21.0491,,
1903.13976,-5.24024,-8.7605,4.1697,-0.2923,0.1391,21.0491,,
1903.16059,-5.21941,-3.8652,4.1968,-0.1290,0.1400,21.0491,,
1903.18142,-5.19858,-1.1103,4.1328,-0.0370,0.1379,21.0491,,
1903.20226,-5.17774,-5.9863,4.1626,-0.1997,0.1389,21.0491,,
1903.22309,-5.15691,6.2628,4.1714,0.2089,0.1392,19.6409,0.7232,
1903.24392,-5.13608,7.3378,4.1829,0.2448,0.1395,19.4689,0.6189,
1903.26476,-5.11524,-1.3442,4.1323,-0.0448,0.1379,21.0491,,
1903.28559,-5.09441,-7.5854,4.1235,-0.2531,0.1376,21.0491,,
1903.30642,-5.07358,-0.2228,4.1379,-0.0074,0.1380,21.0491,,
1903.32726,-5.05274,-0.8358,4.1233,-0.0279,0.1376,21.0491,,
1903.34809,-5.03191,-10.4982,4.1157,-0.3502,0.1373,21.0491,,
1903.36892,-5.01108,3.2309,4.1459,0.1078,0.1383,20.3595,1.3932,
1903.38976,-4.99024,7.5327,4.1557,0.2513,0.1386,19.4404,0.5990,
1903.41059,-4.96941,-5.3600,4.1772,-0.1788,0.1394,21.0491,,
1903.43142,-4.94858,0.9026,4.1903,0.0301,0.1398,21.0491,,
1903.45226,-4.92774,3.8789,4.1632,0.1294,0.1389,20.1610,1.1653,
1903.47309,-4.90691,-7.1098,4.1131,-0.2372,0.1372,21.0491,,
1903.49392,-4.88608,2.0178,4.1032,0.0673,0.1369,20.8706,2.2079,
1903.51476,-4.86524,-0.7903,4.0917,-0.0264,0.1365,21.0491,,
1903.53559,-4.84441,0.6678,4.0661,0.0223,0.1357,21.0491,,
1903.55642,-4.82358,-2.9860,4.0382,-0.0996,0.1347,21.0491,,
1903.57726,-4.80274,-2.5233,3.9888,-0.0842,0.1331,21.0491,,
1903.59809,-4.78191,0.6828,4.0575,0.0228,0.1354,21.0491,,
1903.61892,-4.76108,-0.3351,4.0245,-0.0112,0.1343,21.0491,,
1903.63976,-4.74024,4.0698,4.0872,0.1358,0.1364,20.1089,1.0904,
1903.66059,-4.71941,1.8766,4.0535,0.0626,0.1352,20.9494,2.3452,
1903.68142,-4.69858,10.4459,4.1148,0.3485,0.1373,19.0854,0.4277,
1903.70225,-4.67775,3.7637,4.0970,0.1256,0.1367,20.1938,1.1819,
1903.72309,-4.65691,-0.1211,4.0736,-0.0040,0.1359,21.0491,,
1903.74392,-4.63608,-5.4558,4.0643,-0.1820,0.1356,21.0491,,
1903.76475,-4.61525,-5.5790,4.0350,-0.1861,0.1346,21.0491,,
1903.78559,-4.59441,-1.8632,4.0358,-0.0622,0.1346,21.0491,,
1903.80642,-4.57358,6.4049,4.0472,0.2137,0.1350,19.6165,0.6861,
1903.82725,-4.55275,-5.1831,4.0747,-0.1729,0.1359,21.0491,,
1903.84809,-4.53191,0.6751,4.0794,0.0225,0.1361,21.0491,,
1903.86892,-4.51108,1.5858,4.0655,0.0529,0.1356,21.0491,,
1903.88975,-4.49025,0.1469,4.0621,0.0049,0.1355,21.0491,,
1903.91059,-4.46941,-4.8321,4.0566,-0.1612,0.1353,21.0491,,
1903.93142,-4.44858,-0.1349,3.9763,-0.0045,0.1327,21.0491,,
1903.95225,-4.42775,-2.3024,4.0041,-0.0768,0.1336,21.0491,,
1903.97309,-4.40691,12.5685,4.0501,0.4193,0.1351,18.8846,0.3499,
1903.99392,-4.38608,-0.1902,3.9965,-0.0063,0.1333,21.0491,,
1904.01475,-4.36525,3.7703,4.0111,0.1258,0.1338,20.1919,1.1551,
1904.03559,-4.34441,-5.6587,4.0162,-0.1888,0.1340,21.0491,,
1904.05642,-4.32358,-4.0504,4.0211,-0.1351,0.1342,21.0491,,
1904.07725,-4.30275,2.2181,4.0935,0.0740,0.1366,20.7679,2.0037,
1904.09809,-4.28191,3.3768,4.0962,0.1127,0.1367,20.3115,1.3170,
1904.11892,-4.26108,-2.2953,4.0492,-0.0766,0.1351,21.0491,,
1904.13975,-4.24025,-0.9198,4.0574,-0.0307,0.1354,21.0491,,
1904.16059,-4.21941,0.5588,4.1565,0.0186,0.1387,21.0491,,
1904.18142,-4.19858,-9.1695,4.2047,-0.3059,0.1403,21.0491,,
1904.20225,-4.17775,5.9717,4.1099,0.1992,0.1371,19.6926,0.7472,
1904.22309,-4.15691,3.2675,4.1410,0.1090,0.1382,20.3473,1.3760,
1904.24392,-4.13608,-6.2414,4.1086,-0.2082,0.1371,21.0491,,
1904.26475,-4.11525,-4.2559,4.1013,-0.1420,0.1368,21.0491,,
1904.28558,-4.09442,2.8294,4.0807,0.0944,0.1361,20.5036,1.5659,
1904.30642,-4.07358,-1.8583,4.0583,-0.0620,0.1354,21.0491,,
1904.32725,-4.05275,-5.7621,4.0582,-0.1922,0.1354,21.0491,,
1904.34808,-4.03192,0.6703,4.0878,0.0224,0.1364,21.0491,,
1904.36892,-4.01108,-6.0930,4.0030,-0.2033,0.1335,21.0491,,
1904.38975,-3.99025,3.2377,4.0396,0.1080,0.1348,20.3572,1.3547,
1904.41058,-3.96942,0.5748,4.0804,0.0192,0.1361,21.0491,,
1904.43142,-3.94858,2.2595,4.0383,0.0754,0.1347,20.7478,1.9405,
1904.45225,-3.92775,6.4964,4.0180,0.2167,0.1340,19.6011,0.6715,
1904.47308,-3.90692,-0.9983,4.0128,-0.0333,0.1339,21.0491,,
1904.49392,-3.88608,0.1355,4.0278,0.0045,0.1344,21.0491,,
1904.51475,-3.86525,-7.5559,4.0574,-0.2521,0.1354,21.0491,,
1904.53558,-3.84442,-2.0492,4.0745,-0.0684,0.1359,21.0491,,
1904.55642,-3.82358,-1.7062,4.0153,-0.0569,0.1340,21.0491,,
1904.57725,-3.80275,2.7324,4.0282,0.0912,0.1344,20.5415,1.6007,
1904.59808,-3.78192,1.5662,4.0654,0.0523,0.1356,21.0491,,
1904.61892,-3.76108,-1.6923,4.0747,-0.0565,0.1359,21.0491,,
1904.63975,-3.74025,-2.0802,4.0488,-0.0694,0.1351,21.0491,,
1904.66058,-3.71942,4.8712,4.0693,0.1625,0.1358,19.9137,0.9070,
1904.68142,-3.69858,6.0432,4.0644,0.2016,0.1356,19.6796,0.7302,
1904.70225,-3.67775,4.3308,4.0436,0.1445,0.1349,20.0414,1.0137,
1904.76475,-3.61525,-3.9472,4.0028,-0.1317,0.1335,21.0491,,
1904.78558,-3.59442,2.6478,4.0338,0.0883,0.1346,20.5756,1.6541,
1904.80641,-3.57359,6.1076,4.0520,0.2038,0.1352,19.6681,0.7203,
1904.82725,-3.55275,-4.0891,4.0791,-0.1364,0.1361,21.0491,,
1904.84808,-3.53192,-3.0668,4.0775,-0.1023,0.1360,21.0491,,
1904.86891,-3.51109,-2.2013,4.0699,-0.0734,0.1358,21.0491,,
1904.88975,-3.49025,0.8909,4.0425,0.0297,0.1349,21.0491,,
1904.91058,-3.46942,-3.2263,3.9422,-0.1076,0.1315,21.0491,,
1904.93141,-3.44859,9.9563,3.9951,0.3322,0.1333,19.1376,0.4357,
1904.95225,-3.42775,1.8898,3.9858,0.0630,0.1330,20.9418,2.2900,
1904.97308,-3.40692,0.7583,4.0359,0.0253,0.1346,21.0491,,
1904.99391,-3.38609,-5.9390,4.0159,-0.1981,0.1340,21.0491,,
1905.01475,-3.36525,-4.7164,4.0061,-0.1573,0.1337,21.0491,,
1905.03558,-3.34442,4.1591,4.0368,0.1388,0.1347,20.0853,1.0538,
1905.05641,-3.32359,4.1262,4.0346,0.1377,0.1346,20.0939,1.0616,
1905.07725,-3.30275,-1.1585,4.0454,-0.0386,0.1350,21.0491,,
1905.09808,-3.28192,-1.7324,4.0232,-0.0578,0.1342,21.0491,,
1905.11891,-3.26109,-2.1023,4.0015,-0.0701,0.1335,21.0491,,
1905.13975,-3.24025,-3.1759,4.0127,-0.1060,0.1339,21.0491,,
1905.16058,-3.21942,2.3189,4.0097,0.0774,0.1338,20.7196,1.8774,
1905.18141,-3.19859,-6.4235,3.9715,-0.2143,0.1325,21.0491,,
1905.20224,-3.17776,2.4845,3.9778,0.0829,0.1327,20.6447,1.7384,
1905.22308,-3.15692,4.2318,3.9444,0.1412,0.1316,20.0665,1.0120,
1905.24391,-3.13609,6.1101,3.9863,0.2038,0.1330,19.6677,0.7083,
1905.26474,-3.11526,-0.7207,4.0014,-0.0240,0.1335,21.0491,,
1905.28558,-3.09442,-1.3667,4.0291,-0.0456,0.1344,21.0491,,
1905.30641,-3.07359,5.9322,4.0280,0.1979,0.1344,19.6998,0.7372,
1905.32724,-3.05276,-1.4569,4.0590,-0.0486,0.1354,21.0491,,
1905.34808,-3.03192,3.5650,4.0727,0.1189,0.1359,20.2527,1.2404,
1905.36891,-3.01109,0.2877,4.0642,0.0096,0.1356,21.0491,,
1905.38974,-2.99026,2.4195,4.0363,0.0807,0.1347,20.6735,1.8113,
1905.41058,-2.96942,-5.1468,4.0918,-0.1717,0.1365,21.0491,,
1905.43141,-2.94859,0.4604,4.0311,0.0154,0.1345,21.0491,,
1905.45224,-2.92776,-3.4666,4.0102,-0.1157,0.1338,21.0491,,
1905.47308,-2.90692,6.2041,3.9609,0.2070,0.1321,19.6511,0.6932,
1905.49391,-2.88609,-8.3987,3.9999,-0.2802,0.1334,21.0491,,
1905.51474,-2.86526,-2.3924,4.0390,-0.0798,0.1347,21.0491,,
1905.53558,-2.84442,3.4484,4.0743,0.1150,0.1359,20.2888,1.2828,
1905.55641,-2.82359,-1.5161,4.0794,-0.0506,0.1361,21.0491,,
1905.57724,-2.80276,3.1708,4.1003,0.1058,0.1368,20.3799,1.4040,
1905.59807,-2.78193,-1.9204,4.1114,-0.0641,0.1372,21.0491,,
1905.61891,-2.76109,2.6034,4.0994,0.0869,0.1368,20.5939,1.7096,
1905.63974,-2.74026,2.5292,4.1530,0.0844,0.1386,20.6254,1.7828,
1905.66057,-2.71943,8.6077,4.0632,0.2872,0.1356,19.2956,0.5125,
1905.68141,-2.69859,0.2392,4.1353,0.0080,0.1380,21.0491,,
1905.70224,-2.67776,-0.8113,4.0163,-0.0271,0.1340,21.0491,,
1905.72307,-2.65693,1.6140,4.0333,0.0538,0.1346,21.0491,,
1905.74391,-2.63609,3.3654,4.0280,0.1123,0.1344,20.3152,1.2995,
1905.76474,-2.61526,-4.3327,4.1037,-0.1445,0.1369,21.0491,,
1905.78557,-2.59443,5.4571,4.0420,0.1821,0.1348,19.7904,0.8042,
1905.80641,-2.57359,-1.9224,4.1052,-0.0641,0.1370,21.0491,,
1905.82724,-2.55276,2.4596,4.1424,0.0821,0.1382,20.6556,1.8286,
1905.84807,-2.53193,2.2360,4.1333,0.0746,0.1379,20.7591,2.0070,
1905.86891,-2.51109,-0.9058,4.0311,-0.0302,0.1345,21.0491,,
1905.88974,-2.49026,0.8933,4.1122,0.0298,0.1372,21.0491,,
1905.91057,-2.46943,3.8285,4.1159,0.1277,0.1373,20.1752,1.1672,
1905.93141,-2.44859,-1.6093,4.0850,-0.0537,0.1363,21.0491,,
1905.99390,-2.38610,0.5011,3.9954,0.0167,0.1333,21.0491,,
1906.01474,-2.36526,-4.1951,3.9660,-0.1400,0.1323,21.0491,,
1906.03557,-2.34443,-11.9016,4.0081,-0.3971,0.1337,21.0491,,
1906.05640,-2.32360,0.3061,4.0156,0.0102,0.1340,21.0491,,
1906.07724,-2.30276,0.1318,3.9889,0.0044,0.1331,21.0491,,
1906.09807,-2.28193,-5.8297,4.0034,-0.1945,0.1336,21.0491,,
1906.11890,-2.26110,-6.9096,4.0460,-0.2305,0.1350,21.0491,,
1906.13974,-2.24026,2.6466,4.0539,0.0883,0.1352,20.5761,1.6630,
1906.16057,-2.21943,-1.8439,4.0456,-0.0615,0.1350,21.0491,,
1906.18140,-2.19860,-1.9513,4.0722,-0.0651,0.1359,21.0491,,
1906.20224,-2.17776,0.5587,4.0659,0.0186,0.1356,21.0491,,
1906.22307,-2.15693,3.3613,4.0468,0.1121,0.1350,20.3165,1.3072,
1906.24390,-2.13610,-4.6202,4.1170,-0.1541,0.1374,21.0491,,
1906.26474,-2.11526,2.6330,4.0869,0.0878,0.1363,20.5817,1.6852,
1906.28557,-2.09443,3.0364,4.0771,0.1013,0.1360,20.4269,1.4579,
1906.30640,-2.07360,0.0505,4.1060,0.0017,0.1370,21.0491,,
1906.32724,-2.05276,2.0893,4.0906,0.0697,0.1365,20.8328,2.1258,
1906.34807,-2.03193,3.3757,4.0892,0.1126,0.1364,20.3119,1.3152,
1906.36890,-2.01110,6.0425,4.0918,0.2016,0.1365,19.6798,0.7352,
1906.38974,-1.99026,6.6057,4.0918,0.2204,0.1365,19.5830,0.6725,
1906.41057,-1.96943,1.8270,4.0778,0.0610,0.1360,20.9784,2.4233,
1906.43140,-1.94860,-1.1601,4.0849,-0.0387,0.1363,21.0491,,
1906.45224,-1.92776,-3.2301,4.0704,-0.1078,0.1358,21.0491,,
1906.47307,-1.90693,-7.0538,4.0604,-0.2353,0.1355,21.0491,,
1906.49390,-1.88610,-4.4268,3.9890,-0.1477,0.1331,21.0491,,
1906.51473,-1.86527,2.1847,4.0908,0.0729,0.1365,20.7843,2.0330,
1906.53557,-1.84443,1.3726,4.1107,0.0458,0.1371,21.0491,,
1906.55640,-1.82360,-4.2143,4.1345,-0.1406,0.1379,21.0491,,
1906.57723,-1.80277,-0.4086,4.0854,-0.0136,0.1363,21.0491,,
1906.59807,-1.78193,-1.3210,4.0608,-0.0441,0.1355,21.0491,,
1906.61890,-1.76110,-4.5849,4.1117,-0.1530,0.1372,21.0491,,
1906.63973,-1.74027,-8.0995,4.0563,-0.2702,0.1353,21.0491,,
1906.66057,-1.71943,-4.8597,4.0977,-0.1621,0.1367,21.0491,,
1906.68140,-1.69860,1.3934,4.0593,0.0465,0.1354,21.0491,,
1906.70223,-1.67777,3.5975,4.0669,0.1200,0.1357,20.2428,1.2274,
1906.72307,-1.65693,5.6208,4.0539,0.1875,0.1352,19.7583,0.7831,
1906.74390,-1.63610,-0.7959,4.0295,-0.0266,0.1344,21.0491,,
1906.76473,-1.61527,5.1371,4.0917,0.1714,0.1365,19.8560,0.8648,
1906.78557,-1.59443,3.0537,4.0658,0.1019,0.1356,20.4207,1.4456,
1906.80640,-1.57360,-0.5604,4.0671,-0.0187,0.1357,21.0491,,
1906.82723,-1.55277,10.2262,4.0791,0.3412,0.1361,19.1085,0.4331,
1906.84806,-1.53194,-0.9130,4.0886,-0.0305,0.1364,21.0491,,
1906.86890,-1.51110,-5.0715,4.0798,-0.1692,0.1361,21.0491,,
1906.88973,-1.49027,-0.2886,4.0730,-0.0096,0.1359,21.0491,,
1906.91056,-1.46944,0.0867,4.0463,0.0029,0.1350,21.0491,,
1906.93140,-1.44860,4.5216,4.0163,0.1508,0.1340,19.9946,0.9644,
1906.95223,-1.42777,-4.8113,4.0535,-0.1605,0.1352,21.0491,,
1906.97306,-1.40694,-1.1851,4.0639,-0.0395,0.1356,21.0491,,
1906.99390,-1.38610,-6.4059,4.0276,-0.2137,0.1344,21.0491,,
1907.01473,-1.36527,8.7488,4.0447,0.2919,0.1349,19.2779,0.5020,
1907.03556,-1.34444,-2.1393,4.0212,-0.0714,0.1342,21.0491,,
1907.05640,-1.32360,2.8062,4.0618,0.0936,0.1355,20.5125,1.5716,
1907.07723,-1.30277,-6.0147,4.0814,-0.2007,0.1362,21.0491,,
1907.09806,-1.28194,5.1082,4.0664,0.1704,0.1357,19.8621,0.8643,
1907.11890,-1.26110,-3.8764,4.0337,-0.1293,0.1346,21.0491,,
1907.13973,-1.24027,-1.7773,4.0597,-0.0593,0.1354,21.0491,,
1907.16056,-1.21944,0.3448,4.0145,0.0115,0.1339,21.0491,,
1907.18139,-1.19861,6.1465,4.0481,0.2051,0.1351,19.6612,0.7151,
1907.20223,-1.17777,2.2934,4.0164,0.0765,0.1340,20.7316,1.9014,
1907.22306,-1.15694,-0.2648,3.9703,-0.0088,0.1325,21.0491,,
1907.24389,-1.13611,1.3794,4.0087,0.0460,0.1337,21.0491,,
1907.26473,-1.11527,-1.1107,4.0192,-0.0371,0.1341,21.0491,,
1907.28556,-1.09444,-0.5571,4.0278,-0.0186,0.1344,21.0491,,
1907.30639,-1.07361,-2.2085,4.0552,-0.0737,0.1353,21.0491,,
1907.32723,-1.05277,1.0116,4.0179,0.0337,0.1340,21.0491,,
1907.34806,-1.03194,-4.5306,4.0948,-0.1512,0.1366,21.0491,,
1907.36889,-1.01111,2.6550,4.0889,0.0886,0.1364,20.5726,1.6721,
1907.38973,-0.99027,3.4543,4.1165,0.1152,0.1373,20.2869,1.2939,
1907.41056,-0.96944,-3.5674,4.0821,-0.1190,0.1362,21.0491,,
1907.43139,-0.94861,11.5842,4.0160,0.3865,0.1340,18.9731,0.3764,
1907.45222,-0.92778,-2.6149,3.9543,-0.0872,0.1319,21.0491,,
1907.47306,-0.90694,4.7884,4.0297,0.1597,0.1344,19.9323,0.9137,
1907.49389,-0.88611,6.6580,4.0110,0.2221,0.1338,19.5744,0.6541,
1907.51472,-0.86528,-0.5417,3.9922,-0.0181,0.1332,21.0491,,
1907.53556,-0.84444,-0.6189,4.0275,-0.0206,0.1344,21.0491,,
1907.55639,-0.82361,-0.1838,4.0012,-0.0061,0.1335,21.0491,,
1907.57722,-0.80278,3.8670,4.1279,0.1290,0.1377,20.1644,1.1590,
1907.59806,-0.78194,-8.1818,4.1114,-0.2730,0.1372,21.0491,,
1907.61889,-0.76111,3.8557,4.1030,0.1286,0.1369,20.1676,1.1554,
1907.63972,-0.74028,-0.3163,4.0878,-0.0106,0.1364,21.0491,,
1907.66056,-0.71944,-6.2090,4.0766,-0.2071,0.1360,21.0491,,
1907.68139,-0.69861,-0.1672,4.0418,-0.0056,0.1348,21.0491,,
1907.70222,-0.67778,0.7767,4.0586,0.0259,0.1354,21.0491,,
1907.72306,-0.65694,-7.6102,4.0289,-0.2539,0.1344,21.0491,,
1907.74389,-0.63611,5.8208,4.1188,0.1942,0.1374,19.7203,0.7683,
1907.76472,-0.61528,5.7643,4.1123,0.1923,0.1372,19.7309,0.7746,
1907.78555,-0.59445,-1.5927,4.1191,-0.0531,0.1374,21.0491,,
1907.80639,-0.57361,-2.4512,4.1800,-0.0818,0.1395,21.0491,,
1907.82722,-0.55278,-0.7470,4.1852,-0.0249,0.1396,21.0491,,
1907.84805,-0.53195,5.3359,4.1596,0.1780,0.1388,19.8148,0.8464,
1907.86889,-0.51111,-0.0607,4.1409,-0.0020,0.1381,21.0491,,
1907.88972,-0.49028,-0.5846,4.1181,-0.0195,0.1374,21.0491,,
1907.91055,-0.46945,1.1606,3.9807,0.0387,0.1328,21.0491,,
1907.93139,-0.44861,4.6007,4.0224,0.1535,0.1342,19.9757,0.9493,
1907.95222,-0.42778,0.4544,4.1639,0.0152,0.1389,21.0491,,
1907.97305,-0.40695,1.9174,4.0361,0.0640,0.1347,20.9260,2.2855,
1907.99389,-0.38611,-2.4706,4.1409,-0.0824,0.1381,21.0491,,
1908.01472,-0.36528,0.3659,4.1084,0.0122,0.1371,21.0491,,
1908.03555,-0.34445,1.5541,4.0767,0.0518,0.1360,21.0491,,
1908.05639,-0.32361,1.0361,4.0806,0.0346,0.1361,21.0491,,
1908.07722,-0.30278,1.2512,4.0371,0.0417,0.1347,21.0491,,
1908.09805,-0.28195,2.9153,4.0174,0.0973,0.1340,20.4711,1.4962,
1908.11888,-0.26112,0.8405,4.0582,0.0280,0.1354,21.0491,,
1908.13972,-0.24028,0.3478,4.0413,0.0116,0.1348,21.0491,,
1908.16055,-0.21945,1.2869,4.0193,0.0429,0.1341,21.0491,,
1908.18138,-0.19862,3.0636,4.0316,0.1022,0.1345,20.4172,1.4288,
1908.20222,-0.17778,0.2651,3.9557,0.0088,0.1320,21.0491,,
1908.22305,-0.15695,-7.4624,3.9450,-0.2490,0.1316,21.0491,,
1908.24388,-0.13612,3.5045,3.9680,0.1169,0.1324,20.2713,1.2293,
1908.26472,-0.11528,1.3887,3.9860,0.0463,0.1330,21.0491,,
1908.28555,-0.09445,3.8710,3.9637,0.1291,0.1322,20.1632,1.1117,
1908.30638,-0.07362,11.4901,3.9445,0.3833,0.1316,18.9820,0.3727,
1908.32722,-0.05278,3.5234,3.9651,0.1175,0.1323,20.2654,1.2218,
1908.34805,-0.03195,9.5305,3.9822,0.3180,0.1329,19.1850,0.4537,
1908.36888,-0.01112,-1.9185,4.0098,-0.0640,0.1338,21.0491,,
1908.38971,0.00971,0.5427,3.9947,0.0181,0.1333,21.0491,,
1908.41055,0.03055,2.8890,4.0015,0.0964,0.1335,20.4809,1.5038,
1908.43138,0.05138,-4.6858,3.9895,-0.1563,0.1331,21.0491,,
1908.45221,0.07221,-2.4277,3.9977,-0.0810,0.1334,21.0491,,
1908.47305,0.09305,8.9921,3.9956,0.3000,0.1333,19.2481,0.4824,
1908.49388,0.11388,1.0244,4.0144,0.0342,0.1339,21.0491,,
1908.51471,0.13471,2.3697,3.9928,0.0791,0.1332,20.6961,1.8294,
1908.53555,0.15555,-2.0134,4.0299,-0.0672,0.1344,21.0491,,
1908.55638,0.17638,-2.7965,4.0389,-0.0933,0.1347,21.0491,,
1908.57721,0.19721,3.7686,4.0031,0.1257,0.1335,20.1924,1.1533,
1908.59805,0.21805,0.9301,4.0092,0.0310,0.1338,21.0491,,
1908.61888,0.23888,-0.4619,3.9944,-0.0154,0.1333,21.0491,,
1908.63971,0.25971,0.2266,3.9724,0.0076,0.1325,21.0491,,
1908.66054,0.28054,3.1957,4.0095,0.1066,0.1338,20.3714,1.3623,
1908.68138,0.30138,-5.2066,4.0665,-0.1737,0.1357,21.0491,,
1908.70221,0.32221,3.3679,3.9604,0.1124,0.1321,20.3144,1.2767,
1908.72304,0.34304,1.4354,3.9469,0.0479,0.1317,21.0491,,
1908.74388,0.36388,1.4842,3.9888,0.0495,0.1331,21.0491,,
1908.76471,0.38471,13.2159,4.0263,0.4409,0.1343,18.8301,0.3308,
1908.78554,0.40554,-2.6627,4.0063,-0.0888,0.1337,21.0491,,
1908.80638,0.42638,-0.3304,3.9835,-0.0110,0.1329,21.0491,,
1908.82721,0.44721,-2.3049,4.0332,-0.0769,0.1346,21.0491,,
1908.84804,0.46804,0.0744,4.0472,0.0025,0.1350,21.0491,,
1908.86888,0.48888,2.6922,4.0365,0.0898,0.1347,20.5575,1.6279,
1908.88971,0.50971,1.1221,4.0403,0.0374,0.1348,21.0491,,
1908.91054,0.53054,-2.3674,4.0333,-0.0790,0.1346,21.0491,,
1908.93137,0.55137,-5.8209,4.0423,-0.1942,0.1349,21.0491,,
1908.95221,0.57221,2.8893,4.0240,0.0964,0.1342,20.4808,1.5121,
1908.97304,0.59304,1.8836,3.9873,0.0628,0.1330,20.9453,2.2983,
1908.99387,0.61387,-0.8109,3.9663,-0.0271,0.1323,21.0491,,
1909.01471,0.63471,-7.6135,3.9891,-0.2540,0.1331,21.0491,,
1909.03554,0.65554,6.8519,4.0347,0.2286,0.1346,19.5433,0.6393,
1909.05637,0.67637,2.5648,3.9722,0.0856,0.1325,20.6102,1.6815,
1909.07721,0.69721,0.2420,3.9560,0.0081,0.1320,21.0491,,
1909.09804,0.71804,-0.6181,3.9420,-0.0206,0.1315,21.0491,,
1909.11887,0.73887,-6.7547,3.9804,-0.2254,0.1328,21.0491,,
1909.13970,0.75970,0.7934,3.9492,0.0265,0.1318,21.0491,,
1909.16054,0.78054,3.4154,3.9774,0.1139,0.1327,20.2992,1.2644,
1909.18137,0.80137,3.6738,4.0094,0.1226,0.1338,20.2200,1.1849,
1909.20220,0.82220,-0.1352,3.9910,-0.0045,0.1331,21.0491,,
1909.22304,0.84304,6.9138,3.9711,0.2307,0.1325,19.5335,0.6236,
1909.24387,0.86387,2.4860,4.0052,0.0829,0.1336,20.6440,1.7492,
1909.26470,0.88470,0.5283,4.0534,0.0176,0.1352,21.0491,,
1909.28554,0.90554,2.3211,4.0794,0.0774,0.1361,20.7186,1.9082,
1909.49387,1.11387,2.4915,4.0039,0.0831,0.1336,20.6417,1.7448,
1909.51470,1.13470,-0.3577,4.0087,-0.0119,0.1337,21.0491,,
1909.53553,1.15553,-0.1497,4.0155,-0.0050,0.1340,21.0491,,
1909.55637,1.17637,6.7017,4.0201,0.2236,0.1341,19.5673,0.6513,
1909.57720,1.19720,-3.3643,4.0503,-0.1122,0.1351,21.0491,,
1909.59803,1.21803,6.9061,4.0345,0.2304,0.1346,19.5347,0.6343,
1909.61887,1.23887,2.6906,4.0129,0.0898,0.1339,20.5582,1.6194,
1909.63970,1.25970,1.7147,3.9767,0.0572,0.1327,21.0473,2.5181,
1909.66053,1.28053,2.9265,4.0175,0.0976,0.1340,20.4669,1.4905,
1909.68136,1.30136,1.6462,4.0163,0.0549,0.1340,21.0491,,
1909.70220,1.32220,-7.0660,4.0383,-0.2357,0.1347,21.0491,,
1909.72303,1.34303,-0.5718,4.0547,-0.0191,0.1353,21.0491,,
1909.74386,1.36386,-0.3939,4.0840,-0.0131,0.1362,21.0491,,
1909.76470,1.38470,0.3875,4.0645,0.0129,0.1356,21.0491,,
1909.78553,1.40553,1.5435,4.0980,0.0515,0.1367,21.0491,,
1909.80636,1.42636,-7.6572,4.0474,-0.2555,0.1350,21.0491,,
1909.82720,1.44720,2.7033,4.0470,0.0902,0.1350,20.5530,1.6254,
1909.84803,1.46803,5.7378,4.0061,0.1914,0.1337,19.7359,0.7581,
1909.86886,1.48886,10.8557,4.0327,0.3622,0.1345,19.0437,0.4033,
1909.88970,1.50970,8.0150,4.0154,0.2674,0.1340,19.3730,0.5439,
1909.91053,1.53053,8.4271,4.0130,0.2811,0.1339,19.3186,0.5170,
1909.93136,1.55136,9.5020,4.0151,0.3170,0.1339,19.1883,0.4588,
1909.95219,1.57219,3.9167,3.9991,0.1307,0.1334,20.1505,1.1086,
1909.97303,1.59303,-1.0364,3.9725,-0.0346,0.1325,21.0491,,
1909.99386,1.61386,7.4135,3.9870,0.2473,0.1330,19.4578,0.5839,
1910.01469,1.63469,-0.6817,3.9711,-0.0227,0.1325,21.0491,,
1910.03553,1.65553,4.6241,3.9838,0.1543,0.1329,19.9702,0.9354,
1910.05636,1.67636,-4.4838,4.0035,-0.1496,0.1336,21.0491,,
1910.07719,1.69719,1.9417,4.0275,0.0648,0.1344,20.9123,2.2520,
1910.09803,1.71803,2.7158,3.9849,0.0906,0.1329,20.5480,1.5931,
1910.11886,1.73886,0.3423,3.9872,0.0114,0.1330,21.0491,,
1910.13969,1.75969,4.5415,4.0075,0.1515,0.1337,19.9898,0.9581,
1910.16052,1.78052,12.7412,3.9707,0.4251,0.1325,18.8698,0.3384,
1910.18136,1.80136,7.6133,3.9844,0.2540,0.1329,19.4289,0.5682,
1910.20219,1.82219,3.9283,3.9794,0.1311,0.1328,20.1473,1.0998,
1910.22302,1.84302,11.5740,3.9518,0.3861,0.1318,18.9741,0.3707,
1910.24386,1.86386,8.7825,3.9681,0.2930,0.1324,19.2738,0.4906,
1910.26469,1.88469,-0.4497,4.0155,-0.0150,0.1340,21.0491,,
1910.28552,1.90552,3.6743,3.9625,0.1226,0.1322,20.2199,1.1709,
1910.30636,1.92636,13.3852,3.9976,0.4466,0.1334,18.8162,0.3243,
1910.32719,1.94719,3.0125,4.0431,0.1005,0.1349,20.4355,1.4572,
1910.34802,1.96802,3.0200,4.0149,0.1008,0.1339,20.4328,1.4434,
1910.36886,1.98886,11.6102,4.0209,0.3873,0.1341,18.9707,0.3760,
1910.38969,2.00969,4.5220,4.0490,0.1509,0.1351,19.9945,0.9722,
1910.41052,2.03052,7.2280,4.0161,0.2411,0.1340,19.4853,0.6033,
1910.43135,2.05135,-0.6683,4.0676,-0.0223,0.1357,21.0491,,
1910.45219,2.07219,0.5500,4.0562,0.0183,0.1353,21.0491,,
1910.47302,2.09302,6.4136,4.0740,0.2140,0.1359,19.6151,0.6897,
1910.49385,2.11385,7.7711,4.0755,0.2593,0.1360,19.4066,0.5694,
1910.51469,2.13469,-1.0654,4.0773,-0.0355,0.1360,21.0491,,
1910.53552,2.15552,13.0526,4.0846,0.4355,0.1363,18.8436,0.3398,
1910.55635,2.17635,1.3816,4.0706,0.0461,0.1358,21.0491,,
1910.57719,2.19719,5.2178,4.0670,0.1741,0.1357,19.8391,0.8463,
1910.59802,2.21802,9.7367,4.0890,0.3248,0.1364,19.1618,0.4560,
1910.61885,2.23885,15.4473,4.0606,0.5153,0.1355,18.6607,0.2854,
1910.63968,2.25968,11.2691,4.0728,0.3760,0.1359,19.0031,0.3924,
1910.66052,2.28052,6.1141,4.0309,0.2040,0.1345,19.6670,0.7158,
1910.68135,2.30135,11.8699,4.0486,0.3960,0.1351,18.9467,0.3703,
1910.70218,2.32218,4.6073,4.0415,0.1537,0.1348,19.9742,0.9524,
1910.72302,2.34302,9.6545,4.0016,0.3221,0.1335,19.1710,0.4500,
1910.74385,2.36385,4.8311,4.0037,0.1612,0.1336,19.9227,0.8998,
1910.76468,2.38468,7.1961,4.0004,0.2401,0.1335,19.4901,0.6036,
1910.78552,2.40552,15.4728,4.0169,0.5162,0.1340,18.6589,0.2819,
1910.80635,2.42635,10.8534,4.0015,0.3621,0.1335,19.0439,0.4003,
1910.82718,2.44718,5.5196,3.9794,0.1841,0.1328,19.7780,0.7828,
1910.84801,2.46801,2.9992,4.0200,0.1001,0.1341,20.4403,1.4552,
1910.86885,2.48885,1.8323,4.0102,0.0611,0.1338,20.9753,2.3762,
1910.88968,2.50968,6.4039,3.9997,0.2136,0.1334,19.6167,0.6781,
1910.91051,2.53051,5.3311,4.0198,0.1779,0.1341,19.8158,0.8187,
1910.93135,2.55135,7.3560,3.9918,0.2454,0.1332,19.4662,0.5892,
1910.95218,2.57218,7.5227,3.9657,0.2510,0.1323,19.4419,0.5724,
1910.97301,2.59301,14.1676,3.9536,0.4727,0.1319,18.7546,0.3030,
1910.99384,2.61384,1.5733,3.9572,0.0525,0.1320,21.0491,,
1911.01468,2.63468,4.9015,3.9784,0.1635,0.1327,19.9070,0.8813,
1911.03551,2.65551,5.9258,3.9448,0.1977,0.1316,19.7009,0.7228,
1911.05634,2.67634,13.5416,3.9699,0.4518,0.1324,18.8036,0.3183,
1911.07718,2.69718,12.1275,3.9339,0.4046,0.1312,18.9234,0.3522,
1911.09801,2.71801,16.1443,3.9586,0.5386,0.1321,18.6128,0.2662,
1911.11884,2.73884,12.1866,3.9268,0.4066,0.1310,18.9181,0.3499,
1911.13968,2.75968,13.5007,3.9542,0.4504,0.1319,18.8069,0.3180,
1911.16051,2.78051,12.4082,3.9842,0.4140,0.1329,18.8985,0.3486,
1911.18134,2.80134,1.0076,3.9916,0.0336,0.1332,21.0491,,
1911.20218,2.82218,13.0190,3.9901,0.4343,0.1331,18.8464,0.3328,
1911.22301,2.84301,5.0731,3.9921,0.1692,0.1332,19.8696,0.8544,
1911.24384,2.86384,3.6559,3.9885,0.1220,0.1331,20.2253,1.1845,
1911.26467,2.88467,16.7223,3.9773,0.5579,0.1327,18.5746,0.2582,
1911.28551,2.90551,8.8487,3.9429,0.2952,0.1315,19.2656,0.4838,
1911.30634,2.92634,15.1164,3.9247,0.5043,0.1309,18.6842,0.2819,
1911.32717,2.94717,12.5031,3.9436,0.4171,0.1316,18.8903,0.3425,
1911.34801,2.96801,7.6965,3.9498,0.2568,0.1318,19.4171,0.5572,
1911.36884,2.98884,9.4457,3.9387,0.3151,0.1314,19.1947,0.4527,
1911.38967,3.00967,15.0962,3.9498,0.5036,0.1318,18.6856,0.2841,
1911.41051,3.03051,10.8113,3.9623,0.3607,0.1322,19.0481,0.3979,
1911.43134,3.05134,11.7531,3.9505,0.3921,0.1318,18.9574,0.3649,
1911.45217,3.07217,7.1268,3.9366,0.2378,0.1313,19.5006,0.5997,
1911.47300,3.09300,9.5827,3.9167,0.3197,0.1307,19.1791,0.4438,
1911.49384,3.11384,8.3372,3.9317,0.2781,0.1312,19.3303,0.5120,
1911.51467,3.13467,10.4215,3.9218,0.3477,0.1308,19.0880,0.4086,
1911.53550,3.15550,19.7892,3.9491,0.6602,0.1317,18.3917,0.2167,
1911.55634,3.17634,7.5302,3.9687,0.2512,0.1324,19.4408,0.5722,
1911.57717,3.19717,4.6750,3.9811,0.1560,0.1328,19.9584,0.9246,
1911.59800,3.21800,3.6230,4.0034,0.1209,0.1336,20.2351,1.1997,
1911.61883,3.23883,9.3783,3.9878,0.3129,0.1330,19.2025,0.4617,
1911.63967,3.25967,12.5026,3.9447,0.4171,0.1316,18.8903,0.3426,
1911.66050,3.28050,8.9481,3.9695,0.2985,0.1324,19.2535,0.4816,
1911.68133,3.30133,8.1232,3.9520,0.2710,0.1318,19.3585,0.5282,
1911.95216,3.57216,9.3721,3.9926,0.3127,0.1332,19.2032,0.4625,
1911.97300,3.59300,6.9990,3.9797,0.2335,0.1328,19.5202,0.6174,
1911.99383,3.61383,9.3774,4.0101,0.3128,0.1338,19.2026,0.4643,
1912.01466,3.63466,12.9093,4.0411,0.4307,0.1348,18.8555,0.3399,
1912.03549,3.65549,7.0769,4.0238,0.2361,0.1342,19.5082,0.6173,
1912.05633,3.67633,7.8000,3.9934,0.2602,0.1332,19.4026,0.5559,
1912.07716,3.69716,10.8192,3.9940,0.3609,0.1332,19.0473,0.4008,
1912.09799,3.71799,10.9567,3.9605,0.3655,0.1321,19.0336,0.3925,
1912.11883,3.73883,3.5779,3.9735,0.1194,0.1326,20.2487,1.2058,
1912.13966,3.75966,11.5139,3.9785,0.3841,0.1327,18.9798,0.3752,
1912.16049,3.78049,8.2455,3.9676,0.2751,0.1324,19.3423,0.5224,
1912.18132,3.80132,9.1197,4.0231,0.3043,0.1342,19.2328,0.4790,
1912.20216,3.82216,12.3746,3.9789,0.4128,0.1327,18.9015,0.3491,
1912.22299,3.84299,10.1083,4.0053,0.3372,0.1336,19.1211,0.4302,
1912.24382,3.86382,15.0110,4.0286,0.5008,0.1344,18.6918,0.2914,
1912.26466,3.88466,8.9496,4.0147,0.2986,0.1339,19.2533,0.4871,
1912.28549,3.90549,7.9862,4.0028,0.2664,0.1335,19.3769,0.5442,
1912.30632,3.92632,8.4580,4.0304,0.2822,0.1345,19.3146,0.5174,
1912.32715,3.94715,14.2472,4.0246,0.4753,0.1343,18.7485,0.3067,
1912.34799,3.96799,7.9053,4.0142,0.2637,0.1339,19.3880,0.5513,
1912.36882,3.98882,12.8376,4.0212,0.4283,0.1342,18.8616,0.3401,
1912.38965,4.00965,10.7765,4.0325,0.3595,0.1345,19.0516,0.4063,
1912.41049,4.03049,11.1160,4.0683,0.3709,0.1357,19.0179,0.3974,
1912.43132,4.05132,7.8477,4.0532,0.2618,0.1352,19.3959,0.5608,
1912.45215,4.07215,5.9784,4.0843,0.1995,0.1363,19.6913,0.7417,
1912.47298,4.09298,7.1209,4.0541,0.2376,0.1353,19.5015,0.6181,
1915.66042,7.28042,17.1989,6.1053,0.5738,0.2037,18.5441,0.3854,
1915.70209,7.32209,6.8561,6.3264,0.2287,0.2111,19.5426,1.0019,
1915.72292,7.34292,20.5863,6.2594,0.6868,0.2088,18.3489,0.3301,
1915.74375,7.36375,6.8419,6.1872,0.2283,0.2064,19.5449,0.9818,
1915.82708,7.44708,7.8935,6.2942,0.2633,0.2100,19.3896,0.8658,
1915.86875,7.48875,22.9984,6.1229,0.7673,0.2043,18.2286,0.2891,
1915.88958,7.50958,25.2745,6.1616,0.8432,0.2056,18.1261,0.2647,
1915.95208,7.57208,26.9807,6.4162,0.9001,0.2141,18.0552,0.2582,
1915.97292,7.59292,35.4110,6.4886,1.1814,0.2165,17.7600,0.1989,
1915.99375,7.61375,3.1084,6.5012,0.1037,0.2169,20.4015,2.2708,
1916.01458,7.63458,44.7683,6.3616,1.4936,0.2122,17.5054,0.1543,
1916.03541,7.65541,13.4434,6.3887,0.4485,0.2131,18.8115,0.5160,
1916.05625,7.67625,6.1170,6.6308,0.2041,0.2212,19.6665,1.1769,
1916.07708,7.69708,0.9378,6.7117,0.0313,0.2239,21.0491,,
1916.09791,7.71791,48.1873,6.6930,1.6076,0.2233,17.4255,0.1508,
1916.11875,7.73875,-0.7527,6.2714,-0.0251,0.2092,21.0491,,
1916.16041,7.78041,-14.1641,6.3969,-0.4725,0.2134,21.0491,,
1916.18124,7.80124,37.2470,6.3775,1.2426,0.2128,17.7051,0.1859,
1916.22291,7.84291,39.0248,6.3358,1.3019,0.2114,17.6545,0.1763,
1916.24374,7.86374,13.4189,6.1427,0.4477,0.2049,18.8135,0.4970,
1916.26458,7.88458,-0.4104,6.1610,-0.0137,0.2055,21.0491,,
1916.28541,7.90541,-13.6528,6.0623,-0.4555,0.2023,21.0491,,
1916.30624,7.92624,46.4772,6.4034,1.5506,0.2136,17.4647,0.1496,
1916.32707,7.94707,18.0369,6.1762,0.6017,0.2060,18.4924,0.3718,
1916.34791,7.96791,0.6857,6.0261,0.0229,0.2010,21.0491,,
1916.36874,7.98874,63.4949,5.9093,2.1183,0.1971,17.1260,0.1010,
1916.38957,8.00957,6.8362,5.8970,0.2281,0.1967,19.5458,0.9366,
1916.41041,8.03041,-2.0003,5.8654,-0.0667,0.1957,21.0491,,
1916.43124,8.05124,0.7727,5.6423,0.0258,0.1882,21.0491,,
1916.45207,8.07207,8.3638,5.5029,0.2790,0.1836,19.3268,0.7144,
1916.47291,8.09291,27.4537,5.2598,0.9159,0.1755,18.0363,0.2080,
1916.49374,8.11374,16.4112,5.0468,0.5475,0.1684,18.5950,0.3339,
1916.51457,8.13457,11.6021,5.0667,0.3871,0.1690,18.9715,0.4742,
1916.53540,8.15540,18.3127,5.1740,0.6109,0.1726,18.4759,0.3068,
1916.55624,8.17624,24.6144,5.0775,0.8212,0.1694,18.1548,0.2240,
1916.57707,8.19707,21.2760,5.0675,0.7098,0.1691,18.3131,0.2586,
1916.61874,8.23874,11.8068,5.1540,0.3939,0.1719,18.9525,0.4740,
1916.63957,8.25957,26.8536,5.1543,0.8959,0.1720,18.0603,0.2084,
1916.66040,8.28040,26.1160,5.1281,0.8713,0.1711,18.0905,0.2132,
1916.68123,8.30123,34.2717,5.3160,1.1434,0.1774,17.7955,0.1684,
1916.70207,8.32207,24.5134,5.2191,0.8178,0.1741,18.1593,0.2312,
1916.72290,8.34290,14.9328,5.2187,0.4982,0.1741,18.6975,0.3794,
1916.74373,8.36373,20.0387,5.1412,0.6685,0.1715,18.3781,0.2786,
1916.76457,8.38457,25.6972,5.3819,0.8573,0.1796,18.1081,0.2274,
1916.78540,8.40540,28.1432,5.2799,0.9389,0.1761,18.0094,0.2037,
1916.80623,8.42623,27.3482,5.2018,0.9124,0.1735,18.0405,0.2065,
1916.82706,8.44706,25.7529,5.2721,0.8592,0.1759,18.1057,0.2223,
1916.84790,8.46790,29.0793,5.1428,0.9701,0.1716,17.9738,0.1920,
1916.86873,8.48873,22.5207,5.0327,0.7513,0.1679,18.2513,0.2426,
1916.88956,8.50956,22.7383,4.9851,0.7586,0.1663,18.2409,0.2380,
1916.91040,8.53040,20.0262,5.0267,0.6681,0.1677,18.3788,0.2725,
1916.93123,8.55123,17.8962,4.9686,0.5971,0.1658,18.5009,0.3014,
1916.95206,8.57206,14.0770,5.0516,0.4696,0.1685,18.7615,0.3896,
1916.97289,8.59289,20.2491,5.0277,0.6755,0.1677,18.3668,0.2696,
1916.99373,8.61373,27.1023,4.9025,0.9042,0.1636,18.0503,0.1964,
1917.01456,8.63456,14.3941,4.8835,0.4802,0.1629,18.7373,0.3684,
1917.03539,8.65539,14.0346,4.8927,0.4682,0.1632,18.7648,0.3785,
1917.05623,8.67623,17.0040,4.9280,0.5673,0.1644,18.5564,0.3147,
1917.07706,8.69706,17.2661,4.8563,0.5760,0.1620,18.5398,0.3054,
1917.09789,8.71789,24.9351,4.7994,0.8319,0.1601,18.1408,0.2090,
1917.11873,8.73873,26.2688,4.8673,0.8764,0.1624,18.0842,0.2012,
1917.13956,8.75956,21.1126,4.8131,0.7044,0.1606,18.3214,0.2475,
1917.16039,8.78039,23.4696,4.8736,0.7830,0.1626,18.2065,0.2255,
1917.18122,8.80122,25.7521,4.7616,0.8591,0.1589,18.1058,0.2008,
1917.20206,8.82206,12.7664,4.7893,0.4259,0.1598,18.8676,0.4073,
1917.22289,8.84289,23.8520,4.7546,0.7957,0.1586,18.1890,0.2164,
1917.24372,8.86372,20.6148,4.6805,0.6877,0.1561,18.3474,0.2465,
1917.26455,8.88455,25.8440,4.6683,0.8622,0.1557,18.1019,0.1961,
1917.28539,8.90539,17.8436,4.5054,0.5953,0.1503,18.5041,0.2741,
1917.30622,8.92622,20.3670,4.6432,0.6795,0.1549,18.3605,0.2475,
1917.32705,8.94705,18.5293,4.6673,0.6182,0.1557,18.4632,0.2735,
1917.34789,8.96789,25.6854,4.5632,0.8569,0.1522,18.1086,0.1929,
1917.36872,8.98872,24.2490,4.4529,0.8090,0.1486,18.1711,0.1994,
1917.38955,9.00955,26.3527,4.4974,0.8792,0.1500,18.0807,0.1853,
1917.41038,9.03038,12.9773,4.6389,0.4329,0.1548,18.8498,0.3881,
1917.43122,9.05122,23.9851,4.4418,0.8002,0.1482,18.1829,0.2011,
1917.45205,9.07205,15.1149,4.5738,0.5043,0.1526,18.6843,0.3285,
1917.47288,9.09288,23.9650,4.5511,0.7995,0.1518,18.1839,0.2062,
1917.49372,9.11372,19.8691,4.5501,0.6629,0.1518,18.3874,0.2486,
1917.55622,9.17622,22.2345,4.4909,0.7418,0.1498,18.2652,0.2193,
1917.57705,9.19705,24.2503,4.4521,0.8090,0.1485,18.1710,0.1993,
1917.59788,9.21788,27.3784,4.4460,0.9134,0.1483,18.0393,0.1763,
1917.61871,9.23871,17.5085,4.4608,0.5841,0.1488,18.5247,0.2766,
1917.63955,9.25955,23.5563,4.4554,0.7859,0.1486,18.2025,0.2054,
1917.66038,9.28038,13.7942,4.5187,0.4602,0.1508,18.7836,0.3557,
1917.68121,9.30121,26.1191,4.6230,0.8714,0.1542,18.0904,0.1922,
1917.70205,9.32205,22.5318,4.4869,0.7517,0.1497,18.2508,0.2162,
1917.72288,9.34288,26.4158,4.4446,0.8813,0.1483,18.0781,0.1827,
1917.74371,9.36371,16.2298,4.4540,0.5415,0.1486,18.6070,0.2980,
1917.76454,9.38454,20.4040,4.3917,0.6807,0.1465,18.3585,0.2337,
1917.78538,9.40538,15.9776,4.4183,0.5330,0.1474,18.6240,0.3002,
1917.80621,9.42621,21.3978,4.3886,0.7139,0.1464,18.3069,0.2227,
1917.82704,9.44704,17.7262,4.3341,0.5914,0.1446,18.5113,0.2655,
1917.84788,9.46788,24.9292,4.2752,0.8317,0.1426,18.1410,0.1862,
1917.86871,9.48871,26.9069,4.3488,0.8977,0.1451,18.0581,0.1755,
1917.88954,9.50954,22.2705,4.3890,0.7430,0.1464,18.2635,0.2140,
1917.91037,9.53037,13.2369,4.3357,0.4416,0.1446,18.8283,0.3556,
1917.93121,9.55121,20.0978,4.3645,0.6705,0.1456,18.3749,0.2358,
1917.95204,9.57204,23.6703,4.3396,0.7897,0.1448,18.1973,0.1991,
1917.97287,9.59287,23.2153,4.3469,0.7745,0.1450,18.2184,0.2033,
1917.99371,9.61371,31.1302,4.3207,1.0386,0.1441,17.8998,0.1507,
1918.01454,9.63454,14.4615,4.2627,0.4825,0.1422,18.7323,0.3200,
1918.03537,9.65537,21.1071,4.2735,0.7042,0.1426,18.3217,0.2198,
1918.05620,9.67620,28.8504,4.2670,0.9625,0.1424,17.9824,0.1606,
1918.07704,9.69704,24.0663,4.2368,0.8029,0.1413,18.1793,0.1911,
1918.09787,9.71787,19.2563,4.2365,0.6424,0.1413,18.4214,0.2389,
1918.11870,9.73870,27.3034,4.2272,0.9109,0.1410,18.0423,0.1681,
1918.13954,9.75954,23.4886,4.2460,0.7836,0.1417,18.2057,0.1963,
1918.16037,9.78037,24.4832,4.2217,0.8168,0.1408,18.1606,0.1872,
1918.18120,9.80120,28.6535,4.2209,0.9559,0.1408,17.9899,0.1599,
1918.20203,9.82203,18.6270,4.2094,0.6214,0.1404,18.4574,0.2454,
1918.22287,9.84287,25.5979,4.2497,0.8540,0.1418,18.1123,0.1803,
1918.24370,9.86370,25.4704,4.1632,0.8497,0.1389,18.1177,0.1775,
1918.26453,9.88453,26.4122,4.1890,0.8812,0.1398,18.0783,0.1722,
1918.28537,9.90537,11.3415,4.1158,0.3784,0.1373,18.9961,0.3940,
1918.30620,9.92620,22.6006,4.0987,0.7540,0.1367,18.2475,0.1969,
1918.32703,9.94703,18.1480,4.1008,0.6055,0.1368,18.4857,0.2453,
1918.34786,9.96786,22.6180,4.1255,0.7546,0.1376,18.2467,0.1980,
1918.36870,9.98870,26.9630,4.1284,0.8995,0.1377,18.0559,0.1662,
1918.38953,10.00953,29.4220,4.1683,0.9816,0.1391,17.9611,0.1538,
1918.41036,10.03036,17.3539,4.1539,0.5790,0.1386,18.5343,0.2599,
1918.43120,10.05120,24.0043,4.1412,0.8008,0.1382,18.1821,0.1873,
1918.45203,10.07203,25.3608,4.1080,0.8461,0.1371,18.1224,0.1759,
1918.47286,10.09286,28.3659,4.1100,0.9463,0.1371,18.0008,0.1573,
1918.49369,10.11369,19.7708,4.1297,0.6596,0.1378,18.3927,0.2268,
1918.51453,10.13453,22.2428,4.1053,0.7421,0.1370,18.2648,0.2004,
1918.53536,10.15536,30.2860,4.0934,1.0104,0.1366,17.9297,0.1467,
1918.55619,10.17619,23.7764,4.0572,0.7932,0.1354,18.1924,0.1853,
1918.57703,10.19703,27.0221,4.0695,0.9015,0.1358,18.0535,0.1635,
1918.59786,10.21786,27.8995,4.0490,0.9308,0.1351,18.0188,0.1576,
1918.61869,10.23869,12.3246,4.0400,0.4112,0.1348,18.9059,0.3559,
1918.63952,10.25952,24.0939,4.0582,0.8038,0.1354,18.1780,0.1829,
1918.66036,10.28036,31.5709,4.0718,1.0533,0.1358,17.8846,0.1400,
1918.68119,10.30119,21.7859,4.1102,0.7268,0.1371,18.2874,0.2048,
1918.70202,10.32202,24.1896,4.1466,0.8070,0.1383,18.1737,0.1861,
1918.72286,10.34286,16.1704,4.0926,0.5395,0.1365,18.6110,0.2748,
1918.74369,10.36369,22.6153,4.1421,0.7545,0.1382,18.2468,0.1989,
1918.76452,10.38452,28.5334,4.1523,0.9519,0.1385,17.9944,0.1580,
1918.78535,10.40535,25.9321,4.1660,0.8651,0.1390,18.0982,0.1744,
1918.80619,10.42619,25.4357,4.1501,0.8486,0.1385,18.1192,0.1771,
1918.82702,10.44702,19.9383,4.1709,0.6652,0.1391,18.3836,0.2271,
1918.84785,10.46785,31.1651,4.1686,1.0397,0.1391,17.8986,0.1452,
1918.86869,10.48869,18.6094,4.1986,0.6208,0.1401,18.4585,0.2450,
1918.88952,10.50952,29.7312,4.1718,0.9919,0.1392,17.9498,0.1523,
1918.91035,10.53035,19.9700,4.0992,0.6662,0.1368,18.3819,0.2229,
1918.93118,10.55118,27.8899,4.0857,0.9305,0.1363,18.0192,0.1591,
1918.95202,10.57202,24.1042,4.1263,0.8042,0.1377,18.1776,0.1859,
1918.97285,10.59285,29.2393,4.1473,0.9755,0.1384,17.9679,0.1540,
1918.99368,10.61368,34.2911,4.0995,1.1440,0.1368,17.7949,0.1298,
1919.01452,10.63452,30.2692,4.1018,1.0098,0.1368,17.9303,0.1471,
1919.03535,10.65535,31.7558,4.0877,1.0594,0.1364,17.8782,0.1398,
1919.05618,10.67618,18.9112,4.0382,0.6309,0.1347,18.4410,0.2318,
1919.07701,10.69701,23.3432,4.0254,0.7788,0.1343,18.2124,0.1872,
1919.09785,10.71785,23.6917,4.0374,0.7904,0.1347,18.1963,0.1850,
1919.11868,10.73868,30.5706,4.0245,1.0199,0.1343,17.9195,0.1429,
1919.13951,10.75951,22.9039,4.0257,0.7641,0.1343,18.2330,0.1908,
1919.16035,10.78035,25.0684,4.0499,0.8363,0.1351,18.1350,0.1754,
1919.18118,10.80118,23.6672,4.0764,0.7896,0.1360,18.1974,0.1870,
1919.20201,10.82201,29.6351,4.0925,0.9887,0.1365,17.9533,0.1499,
1919.22284,10.84284,24.5124,4.0475,0.8178,0.1350,18.1593,0.1793,
1919.24368,10.86368,19.7191,4.0257,0.6579,0.1343,18.3956,0.2217,
1919.26451,10.88451,23.7594,3.9705,0.7927,0.1325,18.1932,0.1814,
1919.28534,10.90534,28.8357,3.9754,0.9620,0.1326,17.9830,0.1497,
1919.30618,10.92618,28.7698,3.9680,0.9598,0.1324,17.9855,0.1497,
1919.32701,10.94701,21.3180,4.0021,0.7112,0.1335,18.3109,0.2038,
1919.34784,10.96784,33.0408,4.0214,1.1023,0.1342,17.8352,0.1321,
1919.36867,10.98867,22.3921,4.0271,0.7470,0.1344,18.2576,0.1953,
1919.38951,11.00951,29.5755,4.0083,0.9867,0.1337,17.9555,0.1471,
1919.41034,11.03034,32.3794,4.0188,1.0802,0.1341,17.8571,0.1348,
1919.43117,11.05117,28.5064,3.9901,0.9510,0.1331,17.9954,0.1520,
1919.45201,11.07201,17.9772,3.9415,0.5998,0.1315,18.4960,0.2381,
1919.47284,11.09284,24.0769,4.0167,0.8032,0.1340,18.1788,0.1811,
1919.49367,11.11367,24.3241,3.9983,0.8115,0.1334,18.1677,0.1785,
1919.51450,11.13450,30.1668,3.9969,1.0064,0.1333,17.9340,0.1439,
1919.53534,11.15534,26.8224,4.0452,0.8948,0.1350,18.0616,0.1637,
1919.55617,11.17617,18.9564,4.0247,0.6324,0.1343,18.4384,0.2305,
1919.57700,11.19700,28.8174,4.0878,0.9614,0.1364,17.9837,0.1540,
1919.59784,11.21784,31.6363,4.0756,1.0554,0.1360,17.8823,0.1399,
1919.61867,11.23867,29.6807,4.0933,0.9902,0.1366,17.9516,0.1497,
1919.63950,11.25950,24.0594,4.0854,0.8027,0.1363,18.1796,0.1844,
1919.66033,11.28033,23.3083,4.0229,0.7776,0.1342,18.2140,0.1874,
1919.68117,11.30117,26.3365,4.0262,0.8786,0.1343,18.0814,0.1660,
1919.70200,11.32200,19.9490,3.9917,0.6655,0.1332,18.3830,0.2173,
1919.72283,11.34283,20.6314,3.9624,0.6883,0.1322,18.3465,0.2085,
1919.74367,11.36367,29.5208,3.9448,0.9849,0.1316,17.9575,0.1451,
1919.76450,11.38450,23.7597,3.9791,0.7927,0.1327,18.1932,0.1818,
1919.78533,11.40533,23.7684,3.9768,0.7930,0.1327,18.1928,0.1817,
1919.80616,11.42616,32.0918,3.9977,1.0706,0.1334,17.8668,0.1353,
1919.82700,11.44700,24.9995,3.9605,0.8340,0.1321,18.1380,0.1720,
1919.84783,11.46783,35.9229,4.0482,1.1985,0.1351,17.7444,0.1224,
1919.86866,11.48866,28.8268,3.9395,0.9617,0.1314,17.9833,0.1484,
1919.88950,11.50950,24.1256,3.9387,0.8049,0.1314,18.1766,0.1773,
1919.91033,11.53033,24.0054,3.9424,0.8009,0.1315,18.1820,0.1783,
1919.93116,11.55116,25.6357,3.9828,0.8553,0.1329,18.1107,0.1687,
1919.95199,11.57199,30.8056,3.9975,1.0277,0.1334,17.9112,0.1409,
1919.97283,11.59283,26.1274,4.0084,0.8717,0.1337,18.0901,0.1666,
1919.99366,11.61366,28.9522,3.9909,0.9659,0.1331,17.9786,0.1497,
1920.01449,11.63449,21.0502,4.0005,0.7023,0.1335,18.3247,0.2063,
1920.03532,11.65532,31.8106,4.0023,1.0613,0.1335,17.8764,0.1366,
1920.05616,11.67616,24.3095,4.0021,0.8110,0.1335,18.1684,0.1787,
1920.07699,11.69699,26.8742,3.9760,0.8966,0.1326,18.0595,0.1606,
1920.09782,11.71782,21.7327,3.9999,0.7250,0.1334,18.2900,0.1998,
1920.11866,11.73866,27.8373,3.9963,0.9287,0.1333,18.0212,0.1559,
1920.13949,11.75949,33.5846,3.9288,1.1204,0.1311,17.8175,0.1270,
1920.16032,11.78032,38.5042,4.0127,1.2846,0.1339,17.6690,0.1131,
1920.18115,11.80115,24.4968,3.9291,0.8173,0.1311,18.1600,0.1741,
1920.20199,11.82199,31.4700,3.9732,1.0499,0.1326,17.8881,0.1371,
1920.22282,11.84282,32.2319,3.9098,1.0753,0.1304,17.8621,0.1317,
1920.24365,11.86365,25.5228,4.0917,0.8515,0.1365,18.1155,0.1741,
1920.26449,11.88449,31.3890,3.9220,1.0472,0.1308,17.8909,0.1357,
1920.28532,11.90532,29.7833,3.9368,0.9936,0.1313,17.9479,0.1435,
1920.30615,11.92615,28.9240,3.9335,0.9650,0.1312,17.9797,0.1477,
1920.32698,11.94698,29.4701,3.9359,0.9832,0.1313,17.9593,0.1450,
1920.38948,12.00948,28.3727,3.9976,0.9466,0.1334,18.0005,0.1530,
1920.41032,12.03032,27.5510,4.0292,0.9192,0.1344,18.0325,0.1588,
1920.43115,12.05115,27.6120,3.9937,0.9212,0.1332,18.0301,0.1570,
1920.45198,12.07198,27.9089,3.9764,0.9311,0.1327,18.0184,0.1547,
1920.47281,12.09281,27.6267,3.9579,0.9217,0.1320,18.0295,0.1555,
1920.49365,12.11365,31.7057,3.9641,1.0578,0.1323,17.8800,0.1357,
1920.51448,12.13448,33.1528,3.9446,1.1060,0.1316,17.8315,0.1292,
1920.53531,12.15531,34.4416,3.9274,1.1490,0.1310,17.7901,0.1238,
1920.55614,12.17614,31.6586,3.9318,1.0562,0.1312,17.8816,0.1348,
1920.57698,12.19698,26.3943,3.9562,0.8806,0.1320,18.0790,0.1627,
1920.59781,12.21781,18.7577,3.9627,0.6258,0.1322,18.4499,0.2294,
1920.61864,12.23864,38.9253,3.9644,1.2986,0.1323,17.6572,0.1106,
1920.63948,12.25948,31.7266,3.9714,1.0585,0.1325,17.8792,0.1359,
1920.66031,12.28031,28.9585,3.9572,0.9661,0.1320,17.9784,0.1484,
1920.68114,12.30114,22.7385,3.9656,0.7586,0.1323,18.2409,0.1894,
1920.70198,12.32198,22.1092,3.9845,0.7376,0.1329,18.2714,0.1957,
1920.72281,12.34281,34.9778,3.9654,1.1669,0.1323,17.7733,0.1231,
1920.74364,12.36364,18.8733,3.9583,0.6296,0.1321,18.4432,0.2277,
1920.76447,12.38447,36.0342,4.0018,1.2022,0.1335,17.7410,0.1206,
1920.78531,12.40531,23.0987,3.9514,0.7706,0.1318,18.2238,0.1857,
1920.80614,12.42614,27.2966,3.9812,0.9107,0.1328,18.0425,0.1584,
1920.82697,12.44697,36.6857,3.9151,1.2239,0.1306,17.7216,0.1159,
1920.84780,12.46780,24.5356,3.9640,0.8186,0.1322,18.1583,0.1754,
1920.86864,12.48864,33.7540,3.9618,1.1261,0.1322,17.8120,0.1274,
1920.88947,12.50947,28.4794,3.9911,0.9501,0.1332,17.9965,0.1522,
1920.91030,12.53030,29.0079,4.0223,0.9678,0.1342,17.9765,0.1505,
1921.09780,12.71780,24.3653,3.9722,0.8129,0.1325,18.1659,0.1770,
1921.11863,12.73863,31.0612,3.9589,1.0363,0.1321,17.9023,0.1384,
1921.13946,12.75946,25.0585,3.9616,0.8360,0.1322,18.1354,0.1716,
1921.16030,12.78030,22.9005,3.9952,0.7640,0.1333,18.2332,0.1894,
1921.18113,12.80113,29.9809,3.9709,1.0002,0.1325,17.9407,0.1438,
1921.20196,12.82196,30.6866,3.9536,1.0238,0.1319,17.9154,0.1399,
1921.22280,12.84280,29.2121,3.9543,0.9746,0.1319,17.9689,0.1470,
1921.24363,12.86363,31.6309,3.9469,1.0553,0.1317,17.8825,0.1355,
1921.26446,12.88446,30.6315,3.9687,1.0219,0.1324,17.9174,0.1407,
1921.28529,12.90529,26.6364,3.9988,0.8886,0.1334,18.0691,0.1630,
1921.30613,12.92613,38.1383,4.0341,1.2724,0.1346,17.6794,0.1148,
1921.32696,12.94696,24.4274,4.0606,0.8149,0.1355,18.1631,0.1805,
1921.34779,12.96779,25.3350,3.9787,0.8452,0.1327,18.1235,0.1705,
1921.36862,12.98862,31.9381,3.9728,1.0655,0.1325,17.8720,0.1351,
1921.38946,13.00946,27.8558,3.9692,0.9293,0.1324,18.0205,0.1547,
1921.41029,13.03029,35.1563,3.9733,1.1729,0.1326,17.7678,0.1227,
1921.43112,13.05112,26.0367,3.9915,0.8686,0.1332,18.0938,0.1664,
1921.45196,13.07196,28.7709,3.9705,0.9598,0.1325,17.9854,0.1498,
1921.47279,13.09279,26.3108,3.9522,0.8778,0.1319,18.0825,0.1631,
1921.49362,13.11362,28.4926,3.9416,0.9506,0.1315,17.9960,0.1502,
1921.51445,13.13445,27.8224,3.9479,0.9282,0.1317,18.0218,0.1541,
1921.53529,13.15529,29.6030,3.9548,0.9876,0.1319,17.9545,0.1450,
1921.55612,13.17612,28.8737,3.9686,0.9633,0.1324,17.9815,0.1492,
1921.57695,13.19695,30.0365,4.0244,1.0021,0.1343,17.9387,0.1455,
1921.59779,13.21779,31.1288,4.0589,1.0385,0.1354,17.8999,0.1416,
1921.61862,13.23862,25.9306,3.9894,0.8651,0.1331,18.0983,0.1670,
1921.63945,13.25945,32.1335,4.0762,1.0720,0.1360,17.8654,0.1377,
1921.66028,13.28028,21.9409,4.0324,0.7320,0.1345,18.2797,0.1995,
1921.68112,13.30112,34.9443,4.0509,1.1658,0.1351,17.7744,0.1259,
1921.70195,13.32195,30.3771,4.0193,1.0134,0.1341,17.9264,0.1437,
1921.72278,13.34278,23.6580,3.9988,0.7893,0.1334,18.1979,0.1835,
1921.74361,13.36361,25.3675,3.9857,0.8463,0.1330,18.1221,0.1706,
1921.76445,13.38445,27.9069,4.0057,0.9310,0.1336,18.0185,0.1558,
1921.78528,13.40528,32.9474,4.0057,1.0992,0.1336,17.8382,0.1320,
1921.80611,13.42611,34.9184,4.0063,1.1649,0.1337,17.7752,0.1246,
1921.82695,13.44695,29.8052,3.9753,0.9944,0.1326,17.9471,0.1448,
1921.84778,13.46778,29.0350,3.9651,0.9687,0.1323,17.9755,0.1483,
1921.86861,13.48861,24.9225,3.9810,0.8315,0.1328,18.1413,0.1734,
1921.88944,13.50944,27.2973,4.0038,0.9107,0.1336,18.0425,0.1593,
1921.91028,13.53028,25.7577,3.9565,0.8593,0.1320,18.1055,0.1668,
1921.93111,13.55111,27.1415,3.9524,0.9055,0.1319,18.0487,0.1581,
1921.95194,13.57194,25.7517,3.9773,0.8591,0.1327,18.1058,0.1677,
1921.97277,13.59277,31.8648,3.9352,1.0631,0.1313,17.8745,0.1341,
1921.99361,13.61361,29.8592,3.9603,0.9962,0.1321,17.9451,0.1440,
1922.01444,13.63444,30.4574,3.9543,1.0161,0.1319,17.9236,0.1410,
1922.03527,13.65527,29.2553,3.9740,0.9760,0.1326,17.9673,0.1475,
1922.05611,13.67611,25.9989,3.9725,0.8674,0.1325,18.0954,0.1659,
1922.07694,13.69694,30.7075,3.9955,1.0245,0.1333,17.9147,0.1413,
1922.09777,13.71777,27.9538,3.9809,0.9326,0.1328,18.0167,0.1546,
1922.11860,13.73860,27.7536,3.9914,0.9259,0.1332,18.0245,0.1561,
1922.13944,13.75944,34.8314,3.9621,1.1620,0.1322,17.7779,0.1235,
1922.16027,13.78027,31.7672,3.9617,1.0598,0.1322,17.8779,0.1354,
1922.18110,13.80110,30.5545,3.9486,1.0194,0.1317,17.9201,0.1403,
1922.20194,13.82194,32.9759,3.9232,1.1001,0.1309,17.8373,0.1292,
1922.22277,13.84277,27.9153,4.0145,0.9313,0.1339,18.0182,0.1561,
1922.24360,13.86360,25.6701,3.9431,0.8564,0.1316,18.1092,0.1668,
1922.26443,13.88443,29.7946,4.0029,0.9940,0.1335,17.9475,0.1459,
1922.28527,13.90527,30.1101,4.0278,1.0045,0.1344,17.9360,0.1452,
1922.30610,13.92610,30.7985,3.9943,1.0275,0.1333,17.9115,0.1408,
1922.32693,13.94693,24.0424,4.0011,0.8021,0.1335,18.1804,0.1807,
1922.34776,13.96776,36.3640,3.9664,1.2132,0.1323,17.7311,0.1184,
1922.36860,13.98860,34.0744,3.9125,1.1368,0.1305,17.8017,0.1247,
1922.38943,14.00943,29.1326,3.9641,0.9719,0.1322,17.9719,0.1477,
1922.41026,14.03026,23.8453,3.9679,0.7955,0.1324,18.1893,0.1807,
1922.43110,14.05110,24.2199,3.9346,0.8080,0.1313,18.1724,0.1764,
1922.45193,14.07193,28.6004,3.9509,0.9542,0.1318,17.9919,0.1500,
1922.47276,14.09276,22.9391,3.9792,0.7653,0.1328,18.2314,0.1883,
1922.49359,14.11359,29.2290,3.9331,0.9751,0.1312,17.9683,0.1461,
1922.51443,14.13443,28.1012,3.9391,0.9375,0.1314,18.0110,0.1522,
1922.53526,14.15526,25.1391,3.9407,0.8387,0.1315,18.1319,0.1702,
1922.55609,14.17609,26.7200,3.9486,0.8914,0.1317,18.0657,0.1604,
1922.57693,14.19693,30.1611,4.0116,1.0062,0.1338,17.9342,0.1444,
1922.59776,14.21776,31.7522,3.9767,1.0593,0.1327,17.8784,0.1360,
1922.61859,14.23859,38.5550,3.9747,1.2863,0.1326,17.6676,0.1119,
1922.63942,14.25942,27.7575,3.9823,0.9260,0.1329,18.0244,0.1558,
1922.66026,14.28026,34.1525,3.9896,1.1394,0.1331,17.7992,0.1268,
1922.68109,14.30109,27.8785,4.0015,0.9301,0.1335,18.0196,0.1558,
1922.70192,14.32192,30.5150,3.9374,1.0180,0.1314,17.9215,0.1401,
1922.72275,14.34275,28.4265,3.9546,0.9484,0.1319,17.9985,0.1510,
1922.74359,14.36359,29.8089,3.9935,0.9945,0.1332,17.9469,0.1455,
1922.76442,14.38442,24.2375,3.9849,0.8086,0.1329,18.1716,0.1785,
1922.78525,14.40525,31.0497,4.0263,1.0359,0.1343,17.9027,0.1408,
1922.80609,14.42609,24.8309,4.0251,0.8284,0.1343,18.1453,0.1760,
1922.82692,14.44692,26.6223,3.9312,0.8882,0.1312,18.0697,0.1603,
1922.84775,14.46775,25.3568,4.0189,0.8459,0.1341,18.1226,0.1721,
1922.86858,14.48858,20.8938,3.9518,0.6971,0.1318,18.3328,0.2054,
1922.88942,14.50942,39.3446,3.9606,1.3126,0.1321,17.6456,0.1093,
1922.91025,14.53025,27.1466,4.0634,0.9057,0.1356,18.0485,0.1625,
1922.93108,14.55108,27.0318,3.9336,0.9018,0.1312,18.0531,0.1580,
1922.95192,14.57192,38.1926,3.9060,1.2742,0.1303,17.6779,0.1110,
1922.97275,14.59275,30.8982,3.8971,1.0308,0.1300,17.9080,0.1369,
1922.99358,14.61358,32.2910,3.9631,1.0773,0.1322,17.8601,0.1333,
1923.01441,14.63441,27.1208,3.9535,0.9048,0.1319,18.0495,0.1583,
1923.03525,14.65525,25.4866,3.9684,0.8503,0.1324,18.1170,0.1691,
1923.05608,14.67608,27.0509,3.9964,0.9025,0.1333,18.0523,0.1604,
1923.07691,14.69691,26.1000,3.9837,0.8707,0.1329,18.0912,0.1657,
1923.09774,14.71774,37.5010,3.9962,1.2511,0.1333,17.6977,0.1157,
1923.11858,14.73858,40.3017,3.9966,1.3445,0.1333,17.6195,0.1077,
1923.13941,14.75941,24.3390,4.0269,0.8120,0.1343,18.1670,0.1796,
1923.16024,14.78024,32.6962,4.0195,1.0908,0.1341,17.8466,0.1335,
1923.18107,14.80107,35.8815,3.9408,1.1971,0.1315,17.7456,0.1192,
1923.20191,14.82191,28.1782,3.9719,0.9401,0.1325,18.0080,0.1530,
1923.22274,14.84274,38.6690,3.9359,1.2901,0.1313,17.6644,0.1105,
1923.24357,14.86357,25.0505,3.9566,0.8357,0.1320,18.1358,0.1715,
1923.26441,14.88441,25.3120,3.9529,0.8445,0.1319,18.1245,0.1696,
1923.28524,14.90524,40.8141,3.9304,1.3616,0.1311,17.6058,0.1046,
1923.30607,14.92607,31.0185,3.8754,1.0348,0.1293,17.9037,0.1357,
1923.32690,14.94690,32.6540,3.8715,1.0894,0.1292,17.8480,0.1287,
1923.34774,14.96774,29.5195,3.9417,0.9848,0.1315,17.9575,0.1450,
1923.36857,14.98857,18.8305,3.9243,0.6282,0.1309,18.4457,0.2263,
1923.38940,15.00940,31.2244,3.9886,1.0417,0.1331,17.8966,0.1387,
1923.41024,15.03024,26.9060,3.9448,0.8976,0.1316,18.0582,0.1592,
1923.43107,15.05107,35.2802,3.9794,1.1770,0.1328,17.7640,0.1225,
1923.45190,15.07190,26.7950,3.9751,0.8939,0.1326,18.0627,0.1611,
1923.47273,15.09273,25.3386,3.9405,0.8453,0.1315,18.1233,0.1688,
1923.49357,15.11357,35.7171,3.8942,1.1916,0.1299,17.7506,0.1184,
1923.51440,15.13440,31.7893,3.8811,1.0605,0.1295,17.8771,0.1326,
1923.53523,15.15523,28.2702,3.8971,0.9431,0.1300,18.0045,0.1497,
1923.55606,15.17606,28.7865,3.9297,0.9604,0.1311,17.9848,0.1482,
1923.57690,15.19690,35.7944,3.9665,1.1942,0.1323,17.7483,0.1203,
1923.59773,15.21773,26.0720,3.9651,0.8698,0.1323,18.0924,0.1651,
1923.61856,15.23856,31.3712,4.0009,1.0466,0.1335,17.8915,0.1385,
1923.63939,15.25939,36.6654,4.0019,1.2232,0.1335,17.7222,0.1185,
1923.66023,15.28023,31.9990,3.9780,1.0675,0.1327,17.8700,0.1350,
1923.68106,15.30106,32.5619,3.9823,1.0863,0.1329,17.8510,0.1328,
1923.70189,15.32189,27.5632,4.0158,0.9196,0.1340,18.0320,0.1582,
1923.72273,15.34273,20.3814,4.0049,0.6800,0.1336,18.3597,0.2133,
1923.74356,15.36356,21.0653,3.9634,0.7028,0.1322,18.3239,0.2043,
1923.76439,15.38439,32.3365,3.9992,1.0788,0.1334,17.8586,0.1343,
1923.78522,15.40522,18.4470,3.9535,0.6154,0.1319,18.4680,0.2327,
1923.80606,15.42606,22.5462,3.9554,0.7522,0.1320,18.2501,0.1905,
1923.82689,15.44689,33.9128,3.9648,1.1314,0.1323,17.8069,0.1269,
1923.84772,15.46772,27.6220,3.9895,0.9215,0.1331,18.0297,0.1568,
1923.86855,15.48855,27.9719,3.9559,0.9332,0.1320,18.0160,0.1535,
1923.88939,15.50939,36.1709,3.9158,1.2067,0.1306,17.7369,0.1175,
1923.91022,15.53022,30.7961,3.9576,1.0274,0.1320,17.9116,0.1395,
1923.93105,15.55105,36.5883,3.9321,1.2207,0.1312,17.7244,0.1167,
1923.95189,15.57189,28.0667,3.9613,0.9364,0.1322,18.0123,0.1532,
1923.97272,15.59272,25.9366,3.9730,0.8653,0.1325,18.0980,0.1663,
1923.99355,15.61355,28.8980,3.9849,0.9641,0.1329,17.9806,0.1497,
1924.01438,15.63438,23.3776,3.9806,0.7799,0.1328,18.2108,0.1849,
1924.03522,15.65522,29.8107,4.0351,0.9945,0.1346,17.9469,0.1470,
1924.05605,15.67605,25.7772,3.9444,0.8600,0.1316,18.1047,0.1661,
1924.07688,15.69688,27.0272,3.9965,0.9017,0.1333,18.0533,0.1605,
1924.09771,15.71771,32.4412,3.9949,1.0823,0.1333,17.8551,0.1337,
1924.11855,15.73855,33.0767,3.9555,1.1035,0.1320,17.8340,0.1298,
1924.13938,15.75938,28.2873,3.9721,0.9437,0.1325,18.0038,0.1525,
1924.16021,15.78021,33.3499,4.0049,1.1126,0.1336,17.8251,0.1304,
1924.18105,15.80105,28.4541,3.9923,0.9493,0.1332,17.9974,0.1523,
1924.20188,15.82188,35.0875,3.9881,1.1706,0.1331,17.7699,0.1234,
1924.22271,15.84271,21.5367,3.9707,0.7185,0.1325,18.2999,0.2002,
1924.24354,15.86354,29.6176,3.9778,0.9881,0.1327,17.9539,0.1458,
1924.26438,15.88438,31.7770,3.9812,1.0601,0.1328,17.8775,0.1360,
1924.28521,15.90521,32.3977,3.9912,1.0808,0.1332,17.8565,0.1338,
1924.30604,15.92604,30.1273,3.9791,1.0051,0.1328,17.9354,0.1434,
1924.32687,15.94687,22.1064,3.9962,0.7375,0.1333,18.2715,0.1963,
1924.34771,15.96771,24.5984,4.0151,0.8206,0.1340,18.1555,0.1772,
1924.36854,15.98854,30.1315,4.0002,1.0052,0.1335,17.9353,0.1441,
1924.38937,16.00937,34.6763,4.0046,1.1569,0.1336,17.7827,0.1254,
1924.41020,16.03020,24.0988,3.9901,0.8040,0.1331,18.1778,0.1798,
1924.43104,16.05104,28.2683,3.9836,0.9431,0.1329,18.0046,0.1530,
1924.45187,16.07187,27.0235,3.9384,0.9016,0.1314,18.0534,0.1582,
1924.47270,16.09270,31.0454,4.0612,1.0357,0.1355,17.9028,0.1420,
1924.49354,16.11354,31.4536,3.9810,1.0494,0.1328,17.8886,0.1374,
1924.51437,16.13437,26.5761,3.9567,0.8866,0.1320,18.0716,0.1616,
1924.53520,16.15520,32.7544,3.9497,1.0927,0.1318,17.8446,0.1309,
1924.55603,16.17603,33.4501,3.9782,1.1160,0.1327,17.8218,0.1291,
1924.57687,16.19687,36.4732,3.9482,1.2168,0.1317,17.7279,0.1175,
1924.59770,16.21770,35.9662,3.9345,1.1999,0.1313,17.7431,0.1188,
1924.61853,16.23853,25.8480,3.9205,0.8623,0.1308,18.1017,0.1647,
1924.63937,16.25937,36.6186,3.9482,1.2217,0.1317,17.7235,0.1171,
1924.66020,16.28020,35.0296,3.9639,1.1687,0.1322,17.7717,0.1229,
1924.68103,16.30103,33.9513,3.9467,1.1327,0.1317,17.8057,0.1262,
1924.70186,16.32186,27.3744,3.9660,0.9133,0.1323,18.0394,0.1573,
1924.72270,16.34270,34.4307,3.9451,1.1487,0.1316,17.7904,0.1244,
1924.74353,16.36353,31.3221,3.9467,1.0450,0.1317,17.8932,0.1368,
1924.76436,16.38436,28.0855,3.9246,0.9370,0.1309,18.0116,0.1517,
1924.78519,16.40519,30.2498,3.9910,1.0092,0.1331,17.9310,0.1432,
1924.80603,16.42603,26.9743,3.9934,0.8999,0.1332,18.0554,0.1607,
1924.82686,16.44686,31.6497,3.9914,1.0559,0.1332,17.8819,0.1369,
1924.84769,16.46769,33.9958,3.9376,1.1342,0.1314,17.8042,0.1258,
1924.86852,16.48852,27.3163,3.9608,0.9113,0.1321,18.0417,0.1574,
1924.88936,16.50936,29.6505,3.9335,0.9892,0.1312,17.9527,0.1440,
1924.91019,16.53019,22.1007,3.9652,0.7373,0.1323,18.2718,0.1948,
1924.93102,16.55102,21.4769,3.9414,0.7165,0.1315,18.3029,0.1993,
1924.95186,16.57186,29.6895,3.9456,0.9905,0.1316,17.9513,0.1443,
1924.97269,16.59269,34.0371,3.9510,1.1355,0.1318,17.8029,0.1260,
1924.99352,16.61352,33.2679,3.9879,1.1099,0.1330,17.8277,0.1302,
1925.01435,16.63435,25.2930,3.9598,0.8438,0.1321,18.1253,0.1700,
1925.03519,16.65519,29.7727,4.0076,0.9933,0.1337,17.9483,0.1461,
1925.05602,16.67602,31.9894,4.0093,1.0672,0.1338,17.8703,0.1361,
1925.07685,16.69685,33.7756,4.0010,1.1268,0.1335,17.8113,0.1286,
1925.09768,16.71768,23.2662,3.9420,0.7762,0.1315,18.2160,0.1840,
1925.11852,16.73852,27.5557,3.9970,0.9193,0.1333,18.0323,0.1575,
1925.13935,16.75935,23.5775,3.9168,0.7866,0.1307,18.2016,0.1804,
1925.16018,16.78018,27.2022,3.9830,0.9075,0.1329,18.0463,0.1590,
1925.18101,16.80101,31.0748,3.9765,1.0367,0.1327,17.9018,0.1389,
1925.20185,16.82185,27.0289,3.9968,0.9017,0.1333,18.0532,0.1605,
1925.22268,16.84268,27.8298,4.0282,0.9285,0.1344,18.0215,0.1572,
1925.24351,16.86351,23.1976,3.9320,0.7739,0.1312,18.2192,0.1840,
1925.26435,16.88435,20.9526,3.9272,0.6990,0.1310,18.3297,0.2035,
1925.28518,16.90518,25.9457,3.9451,0.8656,0.1316,18.0976,0.1651,
1925.30601,16.92601,29.0955,3.9339,0.9707,0.1312,17.9732,0.1468,
1925.32684,16.94684,32.3138,3.9354,1.0780,0.1313,17.8593,0.1322,
1925.34768,16.96768,25.7287,3.9490,0.8584,0.1317,18.1068,0.1666,
1925.36851,16.98851,39.2496,3.9357,1.3094,0.1313,17.6482,0.1089,
1925.38934,17.00934,29.7148,4.0457,0.9913,0.1350,17.9504,0.1478,
1925.41017,17.03017,33.3129,3.9466,1.1114,0.1317,17.8263,0.1286,
1925.43101,17.05101,30.6640,3.9383,1.0230,0.1314,17.9162,0.1394,
1925.45184,17.07184,29.4449,3.9382,0.9823,0.1314,17.9603,0.1452,
1925.47267,17.09267,26.1300,4.0238,0.8717,0.1342,18.0900,0.1672,
1925.49350,17.11350,31.0984,4.0289,1.0375,0.1344,17.9010,0.1407,
1925.51434,17.13434,33.2780,4.0545,1.1102,0.1353,17.8274,0.1323,
1925.53517,17.15517,27.2130,3.8715,0.9079,0.1292,18.0459,0.1545,
1925.55600,17.17600,31.4275,3.9959,1.0485,0.1333,17.8895,0.1380,
1925.57683,17.19683,32.0058,4.0132,1.0678,0.1339,17.8697,0.1361,
1925.59767,17.21767,30.3046,4.0164,1.0110,0.1340,17.9290,0.1439,
1925.61850,17.23850,34.4547,4.0403,1.1495,0.1348,17.7897,0.1273,
1925.63933,17.25933,29.9060,4.0151,0.9977,0.1340,17.9434,0.1458,
1925.66017,17.28017,30.5281,4.0821,1.0185,0.1362,17.9211,0.1452,
1925.68100,17.30100,32.4806,3.8717,1.0836,0.1292,17.8537,0.1294,
1925.70183,17.32183,27.6182,3.9913,0.9214,0.1332,18.0298,0.1569,
1925.72266,17.34266,38.3229,3.9462,1.2785,0.1317,17.6742,0.1118,
1925.74350,17.36350,31.0178,3.9328,1.0348,0.1312,17.9038,0.1377,
1925.76433,17.38433,32.8126,3.9921,1.0947,0.1332,17.8427,0.1321,
1925.78516,17.40516,21.5434,3.9524,0.7187,0.1319,18.2995,0.1992,
1925.80599,17.42599,27.8668,3.9666,0.9297,0.1323,18.0201,0.1545,
1925.82683,17.44683,23.4508,3.9948,0.7824,0.1333,18.2074,0.1850,
1925.84766,17.46766,23.7517,4.0228,0.7924,0.1342,18.1936,0.1839,
1925.86849,17.48849,30.1205,4.0094,1.0049,0.1338,17.9356,0.1445,
1925.88932,17.50932,21.8826,4.0222,0.7300,0.1342,18.2826,0.1996,
1925.91016,17.53016,30.4319,3.9580,1.0153,0.1320,17.9245,0.1412,
1925.93099,17.55099,26.4124,3.9746,0.8812,0.1326,18.0783,0.1634,
1925.95182,17.57182,28.5919,3.9595,0.9539,0.1321,17.9922,0.1504,
1925.97266,17.59266,29.1684,4.0328,0.9731,0.1345,17.9705,0.1501,
1925.99349,17.61349,35.3262,4.0974,1.1785,0.1367,17.7626,0.1259,
1926.01432,17.63432,28.8593,4.0836,0.9628,0.1362,17.9821,0.1536,
1926.03515,17.65515,22.4796,4.0592,0.7500,0.1354,18.2533,0.1961,
1926.05599,17.67599,31.3101,4.0151,1.0446,0.1340,17.8936,0.1392,
1926.07682,17.69682,22.7974,4.0353,0.7606,0.1346,18.2381,0.1922,
1926.09765,17.71765,25.0029,3.8872,0.8341,0.1297,18.1378,0.1688,
1926.11848,17.73848,23.7327,3.8758,0.7918,0.1293,18.1944,0.1773,
1926.13932,17.75932,28.1216,3.9251,0.9382,0.1309,18.0102,0.1515,
1926.16015,17.78015,27.5301,4.0318,0.9185,0.1345,18.0333,0.1590,
1926.18098,17.80098,20.5949,3.9701,0.6871,0.1325,18.3484,0.2093,
1926.20181,17.82181,32.5391,3.9543,1.0856,0.1319,17.8518,0.1319,
1926.22265,17.84265,34.1871,4.0271,1.1405,0.1344,17.7981,0.1279,
1926.24348,17.86348,30.7326,3.9711,1.0253,0.1325,17.9138,0.1403,
1926.26431,17.88431,27.8972,3.9968,0.9307,0.1333,18.0189,0.1556,
1926.28515,17.90515,29.3412,4.1009,0.9789,0.1368,17.9641,0.1517,
1926.30598,17.92598,25.5418,4.0056,0.8521,0.1336,18.1147,0.1703,
1926.32681,17.94681,35.0939,3.9791,1.1708,0.1327,17.7697,0.1231,
1926.34764,17.96764,29.0443,3.9274,0.9690,0.1310,17.9752,0.1468,
1926.36848,17.98848,28.6885,3.9239,0.9571,0.1309,17.9885,0.1485,
1926.38931,18.00931,30.5073,4.0446,1.0178,0.1349,17.9218,0.1439,
1926.41014,18.03014,26.6113,3.8639,0.8878,0.1289,18.0701,0.1576,
1926.43097,18.05097,29.4636,3.9584,0.9830,0.1321,17.9596,0.1459,
1926.45181,18.07181,34.2664,3.8990,1.1432,0.1301,17.7956,0.1235,
1926.47264,18.09264,29.2487,3.9734,0.9758,0.1326,17.9675,0.1475,
